timestamp,home_team,away_team,home_score,away_score,part,home_part,away_part,neutral
1598686500,Industria Galda (Rou),Ocna Mures (Rou),1,2,,,,0
1598688000,Leganes (Esp),Eibar (Esp),3,1,,,,0
1598689800,Rosenheim (Ger),Kirchanschoring (Ger),0,1,,,,0
1598691600,VfR Mannheim (Ger),Grossaspach (Ger),1,4,,,,0
1598691600,Sisaket (Tha),Nakhon Ratchasima FC (Tha),2,2,,,,0
1598691600,Osasuna (Esp),Alaves (Esp),2,1,,,,0
1598691600,Lugano (Sui),Chiasso (Sui),5,1,,,,0
1598691600,Lausanne Ouchy (Sui),Bavois (Sui),2,1,,,,0
1598691600,Heimstetten (Ger),Pullach (Ger),1,1,,,,0
1598691600,Garching (Ger),Pipinsried (Ger),0,1,,,,0
1598691600,Bremer (Ger),Heeslinger (Ger),2,4,,,,0
1598695200,Darmstadt (Ger),Norwich (Eng),2,3,,,,0
1598697000,Kozakken Boys (Ned),Jong Sparta Rotterdam (Ned),1,3,,,,0
1598698800,Schonnebeck (Ger),Wanne-Eickel (Ger),6,0,,,,0
1598698800,Lyngby (Den),F. Amager (Den),5,1,,,,0
1598698800,Lotte (Ger),Paderborn II (Ger),4,1,,,,0
1598698800,Leicester (Eng),Sheffield Wed (Eng),0,0,,,,0
1598698800,Hoffenheim (Ger),Mainz (Ger),2,1,,,,0
1598698800,Bamber Bridge (Eng),Chorley (Eng),1,6,,,,0
1598698800,Aalborg (Den),Randers FC (Den),4,3,,,,0
1598702400,Wiedenbruck (Ger),BSV Rehden (Ger),1,2,,,,0
1598702400,Viktoria Koln (Ger),Dortmund II (Ger),0,0,,,,0
1598702400,St. Neots (Eng),Cambridge City (Eng),2,2,,,,0
1598702400,SG Wattenscheid (Ger),Schalke II (Ger),1,2,,,,0
1598702400,Seligenporten (Ger),Furth II (Ger),5,0,,,,0
1598702400,Rodgau (Ger),FSV Frankfurt (Ger),0,9,,,,0
1598702400,Pontefract (Eng),Belper Town (Eng),2,1,,,,0
1598702400,Plymouth (Eng),Forest Green (Eng),2,1,,,,0
1598702400,Pirmasens (Ger),Mechtersheim (Ger),0,1,,,,0
1598702400,Oldham (Eng),Lincoln (Eng),2,1,,,,0
1598702400,Magdeburg (Ger),Rodinghausen (Ger),1,1,,,,0
1598702400,Lippstadt (Ger),Finnentrop/Bamenohl (Ger),3,1,,,,0
1598702400,Leyton Orient (Eng),Gillingham (Eng),1,0,,,,0
1598702400,Kilia Kiel (Ger),Bordesholm (Ger),0,1,,,,0
1598702400,Illertissen (Ger),Augsburg II (Ger),1,2,,,,0
1598702400,Eichstatt (Ger),Aalen (Ger),0,4,,,,0
1598702400,Darmstadt (Ger),Norwich (Eng),0,0,,,,0
1598702400,Coventry (Eng),Peterborough (Eng),2,1,,,,0
1598702400,Bonner (Ger),FC Monheim (Ger),2,0,,,,0
1598702400,Barton Town (Eng),Cleethorpes (Eng),1,4,,,,0
1598702400,Barnsley (Eng),Newcastle (Eng),1,2,,,,0
1598702400,Alzenau (Ger),Nurnberg II (Ger),2,2,,,,0
1598704200,Yeovil (Eng),Stratford (Eng),0,3,,,,0
1598704200,Stuttgart (Ger),Arminia Bielefeld (Ger),2,0,,,,0
1598704200,RW Essen (Ger),FC Emmen (Ned),1,0,,,,0
1598704200,Northampton (Eng),Luton (Eng),0,3,,,,0
1598704200,Freiburg (Ger),St. Gallen (Sui),3,1,,,,0
1598706000,West Ham (Eng),Brentford (Eng),2,1,,,,0
1598706000,Werder Bremen (Ger),Groningen (Ned),4,0,,,,0
1598706000,SC Weiche-08 (Ger),Altona (Ger),1,0,,,,0
1598706000,Rijnsburgse Boys (Ned),Jong Volendam (Ned),3,0,,,,0
1598706000,Oxford Utd (Eng),QPR (Eng),1,0,,,,0
1598706000,Kirrlach (Ger),Speyer (Ger),0,2,,,,0
1598706000,Jeddeloh (Ger),Brinkumer (Ger),2,1,,,,0
1598706000,Heidenheim (Ger),Unterhaching (Ger),3,2,,,,0
1598706000,Giessen (Ger),Bergisch Gladbach (Ger),1,1,,,,0
1598706000,FT Braunschweig (Ger),Hemmingen (Ger),6,2,,,,0
1598706000,Fernwald (Ger),Siegen (Ger),1,3,,,,0
1598706000,Dusseldorf II (Ger),Hannover II (Ger),2,2,,,,0
1598706000,Braunschweig (Ger),Hansa Rostock (Ger),0,1,,,,0
1598706000,Bocholt (Ger),Preussen Munster (Ger),0,0,,,,0
1598706000,Augsburg (Ger),Altach (Aut),5,2,,,,0
1598706000,Ahlen (Ger),VfB Oldenburg (Ger),4,1,,,,0
1598706600,Crystal Palace (Eng),Charlton (Eng),3,0,,,,0
1598707800,Worms (Ger),Weinheim (Ger),8,1,,,,0
1598707800,Hoffenheim (Ger),Mainz (Ger),2,1,,,,0
1598707800,FC Koln (Ger),Wolfsburg (Ger),0,3,,,,0
1598707800,Drochtersen/Assel (Ger),Hannoverscher SC (Ger),3,0,,,,0
1598707800,Aubstadt (Ger),Abtswind (Ger),2,0,,,,0
1598709600,Wealdstone (Eng),Colchester (Eng),1,2,,,,0
1598709600,Walsall (Eng),Burton (Eng),1,1,,,,0
1598709600,Vorskla Poltava (Ukr),Minaj (Ukr),2,4,,,,0
1598709600,Venlo (Ned),Straelen (Ger),0,1,,,,0
1598709600,Tottenham (Eng),Birmingham (Eng),1,0,,,,0
1598709600,Thackley (Eng),Guiseley (Eng),0,1,,,,0
1598709600,Swindon S (Eng),Chippenham (Eng),1,2,,,,0
1598709600,Sutton Coldfield (Eng),Halesowen (Eng),1,2,,,,0
1598709600,Sunderland (Eng),Harrogate (Eng),1,0,,,,0
1598709600,Staines (Eng),Aldershot (Eng),1,1,,,,0
1598709600,Stafford (Eng),Hednesford (Eng),2,1,,,,0
1598709600,St. Ives (Eng),Kettering (Eng),0,2,,,,0
1598709600,SSVg Velbert (Ger),Wuppertal (Ger),1,4,,,,0
1598709600,Southport (Eng),Barrow (Eng),0,2,,,,0
1598709600,Salford (Eng),Accrington (Eng),0,1,,,,0
1598709600,Ramsbottom (Eng),Cheadle Town (Eng),2,2,,,,0
1598709600,Radcliffe (Eng),Chester (Eng),3,1,,,,0
1598709600,Port Vale (Eng),Rochdale (Eng),2,1,,,,0
1598709600,Phoenix (Eng),Basildon (Eng),0,2,,,,0
1598709600,Ossett United (Eng),Bradford PA (Eng),2,1,,,,0
1598709600,Nurnberg (Ger),Turkgucu Munchen (Ger),2,1,,,,0
1598709600,Northwich Victoria (Eng),Atherton (Eng),2,0,,,,0
1598709600,Needham Market (Eng),Braintree (Eng),0,3,,,,0
1598709600,Leiston (Eng),Brightlingsea (Eng),3,1,,,,0
1598709600,Lazio (Ita),Triestina (Ita),2,2,,,,0
1598709600,Kings Langley (Eng),Hendon (Eng),3,2,,,,0
1598709600,Huddersfield (Eng),Manchester Utd U23 (Eng),3,3,,,,0
1598709600,Heddesheim (Ger),Dudenhofen (Ger),4,1,,,,0
1598709600,Gosport (Eng),Hampton & Richmond (Eng),0,1,,,,0
1598709600,Farsley (Eng),Scarborough (Eng),3,1,,,,0
1598709600,Delmenhorst (Ger),Uphusen (Ger),5,1,,,,0
1598709600,Clitheroe (Eng),FC United (Eng),0,3,,,,0
1598709600,Burgess Hill (Eng),Cray Wanderers (Eng),2,2,,,,0
1598709600,Brighton (Eng),Chelsea (Eng),1,1,,,,0
1598709600,Basford (Eng),Alfreton (Eng),0,1,,,,0
1598709600,Ballinamallard (Nir),Warrenpoint (Nir),2,2,,,,0
1598709600,AFC Totton (Eng),Eastleigh (Eng),1,3,,,,0
1598710200,Loughgall (Nir),Carrick Rangers (Nir),2,2,,,,0
1598710800,Coventry (Eng),Peterborough (Eng),3,2,,,,0
1598711400,Obolon (Ukr),Desna (Ukr),2,5,,,,0
1598711400,Gaziantep (Tur),Denizlispor (Tur),3,2,,,,0
1598711400,ASIL Lysi (Cyp),Alki Oroklini (Cyp),2,3,,,,0
1598713200,VfL Osnabruck (Ger),Heerenveen (Ned),2,0,,,,0
1598713200,Schwabmunchen (Ger),Memmingen (Ger),1,1,,,,0
1598713200,Samsunspor (Tur),Trabzonspor (Tur),2,1,,,,0
1598713200,Regensburg (Ger),Augsburg (Ger),1,1,,,,0
1598713200,Nordlingen (Ger),Rain/Lech (Ger),1,0,,,,0
1598713200,KRC Gent (Bel),Knokke (Bel),2,5,,,,0
1598713200,Kolos Kovalivka (Ukr),Olimpik Donetsk (Ukr),3,1,,,,0
1598713200,Hertha Berlin (Ger),PSV (Ned),0,4,,,,0
1598713200,Goztepe (Tur),Menemenspor (Tur),2,1,,,,0
1598713200,Den Haag (Ned),AZ Alkmaar (Ned),1,0,,,,0
1598713200,Crusaders (Nir),Maiden City (Nir),4,0,,,,0
1598714100,Werder Bremen (Ger),St. Pauli (Ger),1,0,,,,0
1598715000,TSV 1880 Wasserburg (Ger),Burghausen (Ger),1,5,,,,0
1598715000,Panathinaikos (Gre),Lamia (Gre),0,1,,,,0
1598715000,Aarau (Sui),Kriens (Sui),5,1,,,,0
1598716800,Union Nettetal (Ger),Friesdorf (Ger),2,0,,,,0
1598716800,Torino (Ita),Novara (Ita),4,1,,,,0
1598716800,Real Sociedad (Esp),Huesca (Esp),2,2,,,,0
1598716800,R. Oviedo (Esp),Mirandes (Esp),0,0,,,,0
1598716800,Inter Turkspor Kiel (Ger),Klausdorf (Ger),1,2,,,,0
1598716800,Heracles (Ned),Duisburg (Ger),1,1,,,,0
1598716800,Atromitos (Gre),OFI Crete (Gre),1,0,,,,0
1598718600,Sion (Sui),Thun (Sui),3,1,,,,0
1598718600,Grasshoppers (Sui),Luzern (Sui),1,1,,,,0
1598718600,Fortuna Koln II (Ger),Merten (Ger),3,5,,,,0
1598720400,Udinese (Ita),L.R. Vicenza (Ita),3,2,,,,0
1598720400,Tubize-Braine (Bel),Francs Borains (Bel),5,3,,,,0
1598720400,Rio Ave (Por),Maritimo (Por),0,0,,,,0
1598720400,Levante (Esp),Valencia (Esp),0,0,,,,0
1598720400,Ajax (Ned),Eintracht Frankfurt (Ger),2,1,,,,0
1598724000,UD Logrones (Esp),Ath Bilbao (Esp),3,1,,,,0
1598725800,Central SC (Bra),Campinense (Bra),2,0,,,,0
1598731200,Mallorca (Esp),Tenerife (Esp),2,0,,,,0
1598778000,Horsens (Den),Kolding IF (Den),3,3,,,,0
1598781600,Wolfsburg II (Ger),St. Pauli II (Ger),2,4,,,,0
1598781600,Gijon (Esp),Lugo (Esp),1,2,,,,0
1598785200,FC Copenhagen (Den),Silkeborg (Den),1,3,,,,0
1598785200,Ajax (Ned),Union Berlin (Ger),2,2,,,,0
1598788800,Verl (Ger),Koln II (Ger),2,2,,,,0
1598788800,Norderstedt (Ger),Oberneuland (Ger),1,0,,,,0
1598788800,Hildesheim (Ger),Teutonia Ottensen (Ger),4,2,,,,0
1598788800,Fortuna Koln (Ger),Duren (Ger),3,0,,,,0
1598790600,ASC 09 Dortmund (Ger),Ahlen (Ger),0,1,,,,0
1598792400,SW Essen (Ger),Frechen (Ger),2,1,,,,0
1598792400,Munich 1860 (Ger),FC Juniors (Aut),1,1,,,,0
1598792400,Kray (Ger),SG Wattenscheid (Ger),3,2,,,,0
1598792400,Komet Arsten (Ger),Verden (Ger),0,4,,,,0
1598792400,Holzwickeder SC (Ger),Hohenlimburg (Ger),1,0,,,,0
1598792400,Germania Ratingen (Ger),Deuten (Ger),4,1,,,,0
1598792400,Baumberg (Ger),Siegen (Ger),4,1,,,,0
1598792400,Bad Vilbel (Ger),Neu-Anspach (Ger),4,1,,,,0
1598793300,Vohwinkel (Ger),Arminia Klosterhardt (Ger),1,3,,,,0
1598794200,Hilden (Ger),Wesseling-Urfeld (Ger),3,2,,,,0
1598796000,TuS Hordel (Ger),Westfalia Herne (Ger),0,5,,,,0
1598799600,Peristeri (Gre),Sourmena (Gre),2,1,,,,0
1598799600,Kamatero (Gre),Charavgiakos (Gre),1,1,,,,0
1598799600,Heeslinger (Ger),Suderelbe (Ger),2,1,,,,0
1598799600,GS Almyros (Gre),Poros (Gre),0,0,,,,0
1598801400,Santa Clara (Por),Nacional (Por),2,1,,,,0
1598801400,Panetolikos (Gre),Asteras Tripolis (Gre),0,2,,,,0
1598801400,Gonsenheim (Ger),Schott Mainz (Ger),3,3,,,,0
1598803200,Viterbese (Ita),AS Roma U19 (Ita),2,1,,,,0
1598803200,Aris (Gre),AEL Larissa (Gre),1,0,,,,0
1598805900,Cadiz CF (Esp),Espanyol (Esp),1,0,,,,0
1598806800,Malaga (Esp),Granada CF (Esp),0,0,,,,0
1598810400,Marsaxlokk (Mlt),San Gwann (Mlt),3,2,,,,0
1598810400,FC Cartagena SAD (Esp),Tenerife (Esp),0,2,,,,0
1598810400,Benfica (Por),Bournemouth (Eng),2,1,,,,0
1598815800,Sporting CP (Por),BSAD (Por),3,1,,,,0
1598862600,Basaksehir U19 (Tur),Kocaelispor U19 (Tur),4,2,,,,0
1598864400,Prachuap (Tha),Port MTI FC (Tha),2,4,,,,0
1598878800,Odense (Den),Brondby (Den),1,2,,,,0
1598878800,Galatasaray (Tur),Umraniyespor (Tur),2,0,,,,0
1598882400,Witton (Eng),Prescot (Eng),3,0,,,,0
1598882400,Sutton Coldfield (Eng),Bromsgrove (Eng),0,2,,,,0
1598882400,Newcastle Utd U23 (Eng),Hartlepool (Eng),1,1,,,,0
1598882400,Leatherhead (Eng),Dorking (Eng),0,2,,,,0
1598882400,Karagumruk (Tur),Alanyaspor (Tur),0,2,,,,0
1598882400,Bishop's Stortford (Eng),Leyton Orient (Eng),0,1,,,,0
1598887800,Vejle (Den),Nordsjaelland (Den),3,1,,,,0
1598895000,Gent U21 (Bel),Dikkelvenne (Bel),5,2,,,,0
1598895900,Chelmsford (Eng),Cambridge City (Eng),3,1,,,,0
1598896800,Fenerbahce (Tur),Antalyaspor (Tur),4,0,,,,0
1598961600,Wehen (Ger),Kaiserslautern (Ger),1,0,,,,0
1598961600,Middlesbrough (Eng),Newcastle (Eng),5,1,,,,0
1598963400,Swansea (Wal),Forest Green (Eng),2,1,,,,0
1598965200,Preston (Eng),Burnley (Eng),0,0,,,,0
1598965200,Millwall (Eng),Crystal Palace (Eng),0,1,,,,0
1598968800,Brentford (Eng),Oxford Utd (Eng),2,2,,,,0
1598968800,Birmingham (Eng),Walsall (Eng),3,0,,,,0
1598968800,Arsenal (Eng),QPR (Eng),4,3,,,,0
1598970600,Kasimpasa (Tur),Istanbulspor AS (Tur),1,1,,,,0
1598972400,Lazio (Ita),Padova (Ita),1,0,,,,0
1598974200,Parma (Ita),Carpi (Ita),2,0,,,,0
1598974200,Panetolikos (Gre),Karaiskakis (Gre),3,1,,,,0
1598976000,Rain/Lech (Ger),Ingolstadt II (Ger),4,1,,,,0
1598976000,Derby (Eng),Sheffield Utd (Eng),0,2,,,,0
1598979600,Portimonense (Por),Reading (Eng),0,0,,,,0
1598979600,Albacete (Esp),Rayo Majadahonda (Esp),2,0,,,,0
1598981400,YF Juventus (Sui),Aarau (Sui),3,3,,,,0
1598981400,Sodingen (Ger),Holzwickeder SC (Ger),1,1,,,,0
1598981400,FSV Duisburg (Ger),Frohnhausen (Ger),2,1,,,,0
1598983200,Mallorca (Esp),Castellon (Esp),2,0,,,,0
1598983200,Holstein Kiel II (Ger),SC Victoria Hamburg (Ger),2,8,,,,0
1598983200,Besiktas (Tur),Sivasspor (Tur),0,1,,,,0
1598985000,Worksop (Eng),Guiseley (Eng),0,0,,,,0
1598985000,Stalybridge (Eng),Belper Town (Eng),2,2,,,,0
1598985000,Matlock (Eng),Sheffield FC (Eng),0,0,,,,0
1598985000,Hornchurch (Eng),Ebbsfleet (Eng),0,0,,,,0
1598985000,Chadderton (Eng),Mossley (Eng),0,3,,,,0
1598985000,Bedworth United (Eng),Coalville (Eng),0,1,,,,0
1598985000,Bedford (Eng),Hitchin (Eng),1,6,,,,0
1598985000,Ballyclare (Nir),Carrick Rangers (Nir),1,3,,,,0
1598985900,Warrington (Eng),Southport (Eng),0,4,,,,0
1598985900,Trafford (Eng),Ashton Utd (Eng),2,2,,,,0
1598985900,St. Ives (Eng),Soham (Eng),2,6,,,,0
1598985900,Rushall (Eng),Coleshill (Eng),3,2,,,,0
1598985900,Royston (Eng),Barton (Eng),3,1,,,,0
1598985900,Ramsbottom (Eng),Bamber Bridge (Eng),1,2,,,,0
1598985900,Northwood (Eng),Wealdstone (Eng),0,6,,,,0
1598985900,Mickleover (Eng),Alfreton (Eng),1,2,,,,0
1598985900,Met. Police (Eng),Aldershot (Eng),0,2,,,,0
1598985900,Marlow (Eng),Winchester (Eng),1,2,,,,0
1598985900,Leek (Eng),Nantwich (Eng),2,1,,,,0
1598985900,Ilkeston (Eng),Grantham (Eng),0,1,,,,0
1598985900,Hythe (Eng),Dover (Eng),0,1,,,,0
1598985900,Glossop (Eng),Hyde (Eng),0,0,,,,0
1598985900,Faversham (Eng),Margate (Eng),4,0,,,,0
1598985900,Corby (Eng),Stamford (Eng),1,0,,,,0
1598985900,Coggeshall Town (Eng),Hertford (Eng),2,1,,,,0
1598985900,Chasetown (Eng),Alvechurch (Eng),1,3,,,,0
1598985900,Bowers & Pitsea (Eng),Welling (Eng),0,3,,,,0
1598985900,Banbury (Eng),Wantage (Eng),6,1,,,,0
1598985900,Aveley (Eng),Cray Wanderers (Eng),1,1,,,,0
1598985900,AFC Totton (Eng),Weymouth (Eng),0,1,,,,0
1599035400,Santa Clara (Por),Moreirense (Por),2,0,,,,0
1599035400,Pacos Ferreira (Por),Rio Ave (Por),1,2,,,,0
1599037200,Kasem Bundit (Tha),Customs Utd (Tha),0,1,,,,0
1599037200,Bangkok FC (Tha),Ayutthaya FC (Tha),1,2,,,,0
1599037200,Ath Bilbao (Esp),Alaves (Esp),2,1,,,,0
1599039000,Lyngby (Den),Helsingor 2 (Den),4,3,,,,0
1599053400,Arminia Bielefeld (Ger),Duisburg (Ger),3,2,,,,0
1599055200,SG Dynamo Dresden (Ger),Koge (Den),5,1,,,,0
1599055200,Heracles (Ned),Jong Utrecht (Ned),4,0,,,,0
1599058800,Makedonija GP (Mkd),Rabotnicki (Mkd),0,0,,,,0
1599058800,Kromeriz (Cze),Ostrava (Cze),0,3,,,,0
1599058800,Beroe (Bul),Chernomorets Burgas (Bul),6,0,,,,0
1599058800,AC Milan (Ita),Novara (Ita),4,2,,,,0
1599060600,Partizani (Alb),Pelister (Mkd),1,1,,,,0
1599060600,Empoli (Ita),Pontedera (Ita),0,1,,,,0
1599062400,Torino (Ita),Pro Patria (Ita),1,1,,,,0
1599062400,Balzan (Mlt),Gzira (Mlt),0,1,,,,0
1599062400,Asteras Tripolis (Gre),Atromitos (Gre),1,0,,,,0
1599064200,Celta Vigo (Esp),Lugo (Esp),2,0,,,,0
1599065100,Espanyol (Esp),Malaga (Esp),3,0,,,,1
1599066000,Villarreal (Esp),Real Sociedad (Esp),2,0,,,,0
1599066000,Rudar Labin (Cro),Istra 1961 (Cro),2,0,,,,0
1599066000,Leganes (Esp),Rayo Vallecano (Esp),0,1,,,,0
1599066000,Heeslinger (Ger),Hamburger SV II (Ger),1,2,,,,0
1599067800,Overijse (Bel),Dender (Bel),1,5,,,,0
1599067800,Levante (Esp),FC Cartagena SAD (Esp),2,1,,,,0
1599067800,Almeria (Esp),Betis (Esp),0,2,,,,1
1599069600,Benfica (Por),Braga (Por),2,1,,,,0
1599071400,Tiverton (Eng),Paulton Rovers (Eng),2,1,,,,0
1599071400,Grays (Eng),Billericay (Eng),0,6,,,,1
1599072300,Marine (Eng),FC United (Eng),4,1,,,,0
1599072300,Malahide Utd (Irl),Killester Donnycarney (Irl),5,0,,,,0
1599072300,Farnborough (Eng),Leatherhead (Eng),0,0,,,,0
1599124020,Pathum United (Tha),Chonburi (Tha),2,2,,,,0
1599127200,Lens (Fra),Charleroi (Bel),2,1,,,,0
1599131700,Lens (Fra),Charleroi (Bel),3,1,,,,0
1599138000,PSV (Ned),Viktoria Koln (Ger),1,1,,,,0
1599141600,Galatasaray (Tur),Hatayspor (Tur),1,1,,,,0
1599143400,AZ Alkmaar (Ned),Gent (Bel),1,1,,,,0
1599145200,Sparta Prague (Cze),Bohemians (Cze),1,2,,,,0
1599145200,Kasimpasa (Tur),Basaksehir (Tur),2,2,,,,0
1599146100,Giannina (Gre),Thesprotos (Gre),4,1,,,,0
1599147000,Ludogorets (Bul),Sozopol (Bul),4,0,,,,0
1599148800,Zwickau (Ger),Bayreuth (Ger),4,1,,,,0
1599148800,Nea Salamis (Cyp),Anagennisi Derynia (Cyp),1,1,,,,0
1599150600,Gijon (Esp),UD Logrones (Esp),0,0,,,,0
1599152400,Udinese (Ita),Legnago Salus (Ita),3,0,,,,0
1599156000,Terrassa (Esp),Granollers (Esp),1,2,,,,0
1599156000,Lija (Mlt),Zejtun (Mlt),1,2,,,,0
1599157800,Cheadle Town (Eng),Chester (Eng),1,6,,,,0
1599204600,Pathum United (Tha),North Bangkok University (Tha),0,2,,,,0
1599206400,Arda (Bul),Lok. Gorna (Bul),3,0,,,,0
1599208200,Santa Clara (Por),Vizela (Por),1,3,,,,0
1599208200,Pribram (Cze),Vysehrad (Cze),1,2,,,,0
1599208200,Liberec (Cze),Hradec Kralove (Cze),3,2,,,,0
1599208200,Jablonec (Cze),Varnsdorf (Cze),3,1,,,,0
1599210000,Zaglebie (Pol),Chrobry Glogow (Pol),1,1,,,,0
1599210000,Opava (Cze),Prostejov (Cze),0,2,,,,0
1599210000,FC Hermannstadt (Rou),UTA Arad (Rou),0,2,,,,0
1599210000,Chrudim (Cze),Zizkov (Cze),1,2,,,,0
1599210000,Beerschot AC (Bel),Royale Union SG (Bel),0,4,,,,0
1599213600,Sukhothai (Tha),Lampang (Tha),3,0,,,,0
1599213600,R. Oviedo (Esp),Ath Bilbao (Esp),2,2,,,,0
1599213600,Jong Feyenoord (Ned),Jong Roda (Ned),2,2,,,,0
1599213600,Horsens (Den),Esbjerg (Den),2,0,,,,0
1599213600,Beveren (Bel),K. Lierse S.K. (Bel),4,0,,,,0
1599215400,Eupen (Bel),Daring Brussels (Bel),5,3,,,,0
1599217200,Cercle Brugge KSV (Bel),Dunkerque (Fra),1,1,,,,0
1599220800,Wil (Sui),A. Lustenau (Aut),0,0,,,,0
1599220800,Sparta Rotterdam (Ned),Den Haag (Ned),1,1,,,,0
1599220800,Salzburg (Aut),Turkgucu Munchen (Ger),3,0,,,,0
1599220800,Bayer Leverkusen (Ger),Anderlecht (Bel),1,1,,,,0
1599221700,Braunschweig (Ger),De Graafschap (Ned),0,1,,,,0
1599222600,Groningen (Ned),Nijmegen (Ned),3,3,,,,0
1599224400,Sheffield Utd (Eng),Preston (Eng),2,2,,,,0
1599224400,Lommel SK (Bel),Patro Eisden (Bel),1,3,,,,0
1599224400,Angers (Fra),Chateauroux (Fra),6,1,,,,0
1599224400,Aalborg (Den),Odense (Den),2,1,,,,0
1599228000,Rizespor (Tur),Trabzonspor (Tur),3,4,,,,0
1599228000,Hartberg (Aut),Maribor (Slo),1,0,,,,0
1599229800,Yantra Gabrovo (Bul),Etar (Bul),0,1,,,,0
1599229800,Lazio (Ita),L.R. Vicenza (Ita),3,2,,,,1
1599229800,Cagliari (Ita),Olbia (Ita),1,0,,,,1
1599230700,Kouris Erimi (Cyp),AEL Limassol (Cyp),2,6,,,,0
1599231600,St. Polten (Aut),Floridsdorfer AC (Aut),2,1,,,,0
1599231600,SK Rapid (Aut),Grazer AK (Aut),1,0,,,,0
1599231600,Napoli (Ita),Teramo (Ita),4,0,,,,0
1599231600,LKS Lodz (Pol),Radomiak Radom (Pol),1,1,,,,0
1599231600,Blansko (Cze),Trinec (Cze),0,1,,,,0
1599231600,Apollon (Cyp),Achnas (Cyp),4,2,,,,0
1599231600,A. Klagenfurt (Aut),Bravo (Slo),2,4,,,,0
1599233400,Wacker Innsbruck (Aut),Sudtirol (Ita),2,1,,,,0
1599233400,Ol. Nicosia (Cyp),Karmiotissa (Cyp),2,2,,,,0
1599235200,Paralimni (Cyp),Ayia Napa (Cyp),0,0,,,,0
1599235200,Nice (Fra),Monaco (Fra),2,3,,,,0
1599235200,Mannsworth (Aut),Stadlau (Aut),3,5,,,,0
1599235200,Huesca (Esp),Sabadell (Esp),3,0,,,,0
1599235200,Alki Oroklini (Cyp),Doxa (Cyp),4,0,,,,0
1599235200,Admira (Aut),Horn (Aut),2,1,,,,0
1599237000,Senglea (Mlt),Gudja (Mlt),0,3,,,,1
1599238800,Venlo (Ned),B. Monchengladbach (Ger),0,4,,,,0
1599238800,Tenerife (Esp),Las Palmas (Esp),1,3,,,,0
1599238800,Osasuna (Esp),Eibar (Esp),1,1,,,,0
1599240600,Lindenthal-Hohenlind (Ger),Bonner (Ger),0,6,,,,1
1599242400,Taunton (Eng),Chippenham (Eng),3,1,,,,0
1599242400,Besiktas (Tur),Antalyaspor (Tur),3,0,,,,0
1599244200,Frome (Eng),Yeovil (Eng),1,2,,,,0
1599245100,Dunston (Eng),Morpeth (Eng),2,1,,,,0
1599245100,Chichester (Eng),Bognor Regis (Eng),2,4,,,,0
1599246000,Sporting CP (Por),Valladolid (Esp),2,1,,,,0
1599246000,Campinense (Bra),Central SC (Bra),6,3,,,,0
1599292800,Shakhtar Donetsk (Ukr),Olimpik Donetsk (Ukr),1,2,,,,0
1599292800,Malaga (Esp),Alcorcon (Esp),0,2,,,,0
1599292800,Levski Sofia (Bul),Vitosha Bistritsa (Bul),1,1,,,,0
1599292800,Almeria (Esp),Espanyol (Esp),0,4,,,,0
1599294600,Viborg (Den),Skive (Den),0,2,,,,0
1599294600,Braga (Por),Santa Clara (Por),3,1,,,,0
1599296400,Slaven Belupo (Cro),Dubrava (Cro),2,0,,,,0
1599296400,Piast Gliwice (Pol),Karvina (Cze),0,0,,,,0
1599296400,Paradiso (Sui),Chiasso (Sui),0,1,,,,0
1599296400,Oostende (Bel),Knokke (Bel),3,1,,,,0
1599298200,Real Sociedad (Esp),Alaves (Esp),2,2,,,,0
1599298200,Rakow (Pol),Widzew Lodz (Pol),2,2,,,,0
1599298200,Ath Bilbao (Esp),Eibar (Esp),2,2,,,,0
1599300000,Stal Mielec (Pol),Wisla (Pol),0,2,,,,0
1599301800,Trat FC (Tha),Samut Sakhon (Tha),4,0,,,,0
1599301800,Buriram (Tha),Khonkaen Utd. (Tha),8,0,,,,0
1599303600,Werder Bremen (Ger),Hannover (Ger),2,0,,,,0
1599303600,Kettering (Eng),Solihull Moors (Eng),0,0,,,,0
1599303600,Ayutthaya Utd (Tha),Kasem Bundit (Tha),1,1,,,,0
1599305400,Vitesse (Ned),Darmstadt (Ger),2,2,,,,0
1599305400,Verl (Ger),VfL Osnabruck (Ger),2,2,,,,0
1599305400,Kaiserslautern (Ger),Sandhausen (Ger),3,0,,,,0
1599305400,Aarhus (Den),Nordsjaelland (Den),2,0,,,,0
1599307200,Zurich (Sui),Winterthur (Sui),3,0,,,,0
1599307200,Vejle (Den),Randers FC (Den),1,0,,,,0
1599307200,Ried (Aut),BW Linz (Aut),1,2,,,,0
1599307200,Newcastle (Eng),Stoke (Eng),0,1,,,,0
1599307200,Munich 1860 (Ger),Wurzburger Kickers (Ger),1,1,,,,0
1599307200,Leicester (Eng),Blackburn (Eng),1,1,,,,0
1599307200,Ingolstadt (Ger),Schweinfurt (Ger),0,2,,,,0
1599307200,Heerenveen (Ned),Zwolle (Ned),0,1,,,,0
1599307200,Colne (Eng),Stockport County (Eng),0,2,,,,0
1599307200,Coalville (Eng),Corby (Eng),3,4,,,,0
1599307200,Chasetown (Eng),Hednesford (Eng),0,1,,,,0
1599307200,Belper Town (Eng),Trafford (Eng),1,1,,,,0
1599307200,Aue (Ger),SG Dynamo Dresden (Ger),0,1,,,,0
1599307200,Ajax (Ned),Augsburg (Ger),1,0,,,,0
1599309000,Sturm Graz (Aut),Kapfenberg (Aut),5,0,,,,0
1599309000,Braunschweig (Ger),Heracles (Ned),2,0,,,,0
1599310800,Tiverton (Eng),Bideford (Eng),0,3,,,,0
1599310800,Royston (Eng),King’s Lynn (Eng),1,5,,,,0
1599310800,Lorient (Fra),Niort (Fra),3,1,,,,0
1599310800,Kilia Kiel (Ger),Altenholz (Ger),3,0,,,,0
1599310800,Holstein Kiel (Ger),Hansa Rostock (Ger),3,1,,,,0
1599310800,Heidenheim (Ger),St. Gallen (Sui),6,2,,,,0
1599310800,Dusseldorf (Ger),Paderborn (Ger),1,0,,,,0
1599310800,Brighton (Eng),West Brom (Eng),0,0,,,,0
1599312600,Schalke (Ger),Bochum (Ger),3,0,,,,0
1599312600,Magdeburg (Ger),Wolfsburg (Ger),1,4,,,,0
1599312600,Bologna (Ita),FeralpiSalo (Ita),2,0,,,,0
1599313500,Werder Bremen (Ger),BSV Rehden (Ger),7,0,,,,0
1599314400,Wulfrath (Ger),SC St.Tonis (Ger),3,1,,,,0
1599314400,Witton (Eng),Bala (Wal),0,1,,,,0
1599314400,Wingate & Finchley (Eng),Boreham Wood (Eng),3,2,,,,0
1599314400,Weymouth (Eng),Havant & W (Eng),3,1,,,,0
1599314400,West Ham (Eng),Bournemouth (Eng),3,5,,,,0
1599314400,Wealdstone (Eng),Dartford (Eng),1,2,,,,0
1599314400,Watford (Eng),Tottenham (Eng),2,1,,,,0
1599314400,Thun (Sui),Kriens (Sui),1,5,,,,0
1599314400,Tamworth (Eng),Matlock (Eng),0,1,,,,0
1599314400,Swindon S (Eng),Stratford (Eng),3,0,,,,0
1599314400,Sutton Coldfield (Eng),Alvechurch (Eng),0,4,,,,0
1599314400,Stuttgart (Ger),Strasbourg (Fra),4,2,,,,0
1599314400,St. Ives (Eng),Hemel Hempstead (Eng),0,0,,,,0
1599314400,Pontefract (Eng),Campion AFC (Eng),2,0,,,,0
1599314400,Needham Market (Eng),Sudbury (Eng),3,2,,,,0
1599314400,Nantwich (Eng),Southport (Eng),1,2,,,,0
1599314400,Met. Police (Eng),Winchester (Eng),4,1,,,,0
1599314400,Marine (Eng),Chester (Eng),0,4,,,,0
1599314400,Margate (Eng),Dover (Eng),2,3,,,,0
1599314400,Loughborough Dyn. (Eng),Coleshill (Eng),3,2,,,,0
1599314400,Liverpool (Eng),Blackpool (Eng),7,2,,,,0
1599314400,Leatherhead (Eng),Staines (Eng),5,0,,,,0
1599314400,LASK (Aut),Regensburg (Ger),1,1,,,,0
1599314400,Larne (Nir),Warrenpoint (Nir),1,0,,,,0
1599314400,Kidsgrove (Eng),Runcorn Linnets (Eng),3,0,,,,0
1599314400,Kempston (Eng),Bedford (Eng),1,2,,,,0
1599314400,Kayserispor (Tur),Gaziantep (Tur),1,0,,,,0
1599314400,Ilkeston (Eng),Notts Co (Eng),0,2,,,,0
1599314400,Horsham FC (Eng),Harrow (Eng),3,2,,,,0
1599314400,Hendon (Eng),St. Albans (Eng),0,0,,,,0
1599314400,Hanwell Town (Eng),Aldershot (Eng),2,6,,,,0
1599314400,FK Zorya Luhansk (Ukr),Oleksandriya (Ukr),4,0,,,,0
1599314400,FC United (Eng),City Of Liverpool (Eng),1,1,,,,0
1599314400,Everton (Eng),Preston (Eng),2,0,,,,0
1599314400,Eastleigh (Eng),Whitehawk (Eng),1,2,,,,0
1599314400,Dundela (Nir),Carrick Rangers (Nir),0,3,,,,0
1599314400,Dnipro-1 (Ukr),Inhulets (Ukr),2,2,,,,0
1599314400,Crystal Palace (Eng),Brondby (Den),1,1,,,,0
1599314400,Clitheroe (Eng),Curzon Ashton (Eng),3,2,,,,0
1599314400,Cleethorpes (Eng),Gainsborough (Eng),5,0,,,,0
1599314400,Buxton (Eng),Leek (Eng),3,1,,,,0
1599314400,Burgess Hill (Eng),Corinthian-Casuals (Eng),1,1,,,,0
1599314400,Bridlington (Eng),Spennymoor (Eng),0,5,,,,0
1599314400,Brentwood (Eng),Cray Valley (Eng),0,1,,,,0
1599314400,Barwell (Eng),Bedworth United (Eng),1,2,,,,0
1599314400,Banbury (Eng),Brackley Town (Eng),0,1,,,,0
1599314400,Ballyclare (Nir),Crusaders (Nir),1,2,,,,0
1599314400,Ashton Utd (Eng),Irlam (Eng),3,1,,,,0
1599314400,AFC Totton (Eng),Poole (Eng),2,1,,,,0
1599318000,Wolfsberger AC (Aut),FC Juniors (Aut),2,0,,,,0
1599318000,Wacker Innsbruck (Aut),Turkgucu Munchen (Ger),1,1,,,,0
1599318000,Struga (Mkd),Partizani (Alb),1,2,,,,0
1599318000,Sibenik (Cro),Dugopolje (Cro),1,1,,,,0
1599318000,Reggiana (Ita),Imolese (Ita),0,1,,,,0
1599318000,Rabotnicki (Mkd),Teteks (Mkd),4,0,,,,0
1599318000,Pergolettese (Ita),AlbinoLeffe (Ita),3,2,,,,0
1599318000,Pelister (Mkd),Egnatia (Alb),0,2,,,,0
1599318000,OFI Crete (Gre),Ergotelis (Gre),0,2,,,,0
1599318000,Lugo (Esp),Mallorca (Esp),0,1,,,,0
1599318000,Hamburger SV (Ger),Hertha Berlin (Ger),2,0,,,,0
1599318000,Amstetten (Aut),Austria Vienna (Aut),1,3,,,,0
1599319800,Union Berlin (Ger),Nurnberg (Ger),2,1,,,,0
1599319800,Salernitana (Ita),Ternana (Ita),3,1,,,,0
1599319800,Panetolikos (Gre),Giannina (Gre),0,1,,,,0
1599319800,Lamia (Gre),AEL Larissa (Gre),1,1,,,,0
1599319800,AS Roma (Ita),Sambenedettese (Ita),4,2,,,,0
1599321600,Torino (Ita),Pro Vercelli (Ita),1,2,,,,0
1599321600,Slaven Belupo (Cro),Medjimurje Cakovec (Cro),4,0,,,,0
1599321600,Panathinaikos (Gre),PAOK (Gre),0,1,,,,0
1599321600,Maritimo (Por),Rio Ave (Por),2,1,,,,0
1599321600,Aris (Gre),Volos (Gre),0,0,,,,0
1599323400,Celta Vigo (Esp),Gijon (Esp),1,1,,,,0
1599325200,Valencia (Esp),FC Cartagena SAD (Esp),3,1,,,,0
1599325200,UE Sants (Esp),CE Europa (Esp),2,3,,,,0
1599325200,Twente (Ned),FC Emmen (Ned),1,1,,,,0
1599325200,Rayo Vallecano (Esp),Fuenlabrada (Esp),1,0,,,,0
1599325200,Montanesa (Esp),Andorra (And),0,5,,,,0
1599325200,Bregalnica Stip (Mkd),Makedonija GP (Mkd),0,1,,,,0
1599325200,Atromitos (Gre),Olympiacos Piraeus (Gre),1,0,,,,0
1599325200,Albacete (Esp),Leganes (Esp),0,0,,,,0
1599327000,Ponferradina (Esp),R. Oviedo (Esp),0,1,,,,0
1599327000,Dessel (Bel),ASV Geel (Bel),4,1,,,,0
1599327000,Betis (Esp),Granada CF (Esp),3,2,,,,0
1599328800,Fenerbahce (Tur),Sivasspor (Tur),1,0,,,,0
1599328800,Braga (Por),Valladolid (Esp),2,2,,,,0
1599328800,Benfica (Por),Rennes (Fra),2,0,,,,0
1599330600,Villarreal (Esp),Levante (Esp),1,2,,,,0
1599330600,Real Sociedad (Esp),Osasuna (Esp),1,0,,,,0
1599331500,AC Milan (Ita),Monza (Ita),4,1,,,,0
1599332400,Alessandria (Ita),Sampdoria (Ita),2,2,,,,0
1599381000,Levante B (Esp),Hercules (Esp),0,0,,,,0
1599383220,Muang Thong Utd (Tha),Chonburi (Tha),2,2,,,,0
1599386400,Nurnberg II (Ger),Ingolstadt II (Ger),3,0,,,,0
1599393600,St. Pauli (Ger),Sonderjyske (Den),1,0,,,,0
1599393600,Freiburg (Ger),Gornik Zabrze (Pol),4,1,,,,0
1599395400,Groningen (Ned),Arminia Bielefeld (Ger),1,1,,,,0
1599397200,Regensburg (Ger),Vorwarts Steyr (Aut),4,1,,,,0
1599402600,Cremonese (Ita),Legnago Salus (Ita),1,2,,,,0
1599404400,Triestina (Ita),Koper (Slo),1,2,,,,0
1599405300,F. Amager (Den),Hvidovre IF (Den),2,3,,,,0
1599406200,Verona (Ita),ND Gorica (Slo),4,3,,,,0
1599406200,Spal (Ita),Pontedera (Ita),2,1,,,,0
1599406200,Parma (Ita),Empoli (Ita),0,2,,,,0
1599406200,Lamia (Gre),Ionikos (Gre),1,2,,,,0
1599408000,Vis Pesaro (Ita),Ascoli (Ita),1,1,,,,0
1599408000,Asteras Tripolis (Gre),O. Volos (Gre),4,0,,,,0
1599409800,Granollers (Esp),Prat (Esp),2,2,,,,0
1599411600,UD Logrones (Esp),Mirandes (Esp),1,0,,,,0
1599411600,L Hospitalet (Esp),Andorra (And),1,1,,,,0
1599411600,Karagumruk (Tur),Basaksehir (Tur),1,2,,,,0
1599411600,FK Pehchevo (Mkd),Vardar (Mkd),1,4,,,,0
1599413400,Manresa (Esp),CF Badalona (Esp),3,1,,,,0
1599413400,Levante (Esp),Castellon (Esp),1,0,,,,0
1599413400,Fiorentina (Ita),Lucchese (Ita),5,0,,,,0
1599417000,Derthona FbC (Ita),Sampdoria (Ita),0,3,,,,0
1599469200,Lyngby (Den),FC Copenhagen (Den),2,2,,,,0
1599478200,Fredericia (Den),Horsens (Den),1,3,,,,0
1599483600,Shevardeni Tbilisi (Geo),Merani Tbilisi (Geo),1,3,,,,0
1599487200,Nordsjaelland (Den),Aarhus (Den),2,4,,,,0
1599490800,Dortmund (Ger),Sparta Rotterdam (Ned),2,1,,,,0
1599498000,Odense (Den),Midtjylland (Den),2,2,,,,0
1599498900,Bramfelder SV (Ger),Vorwarts-Wacker (Ger),1,1,,,,0
1599499800,Gent U21 (Bel),Kortrijk U21 (Bel),3,2,,,,0
1599570000,Young Boys (Sui),Lausanne (Sui),5,2,,,,0
1599570000,CSKA Moscow (Rus),Arsenal Tula (Rus),1,0,,,,0
1599573600,Monza (Ita),Lecco (Ita),2,1,,,,0
1599577200,Victoria Czestochowa (Pol),Skra (Pol),0,4,,,,0
1599582600,Luzern (Sui),Wohlen (Sui),6,1,,,,0
1599584400,Aarau (Sui),Koniz (Sui),5,1,,,,0
1599588000,Weston-super-Mare (Eng),Yeovil (Eng),2,2,,,,0
1599588000,Hartley Wintney (Eng),Eastleigh (Eng),1,0,,,,0
1599588000,Condor Hamburg (Ger),Meiendorfer SV (Ger),2,1,,,,0
1599589800,Whitby (Eng),Spennymoor (Eng),0,2,,,,0
1599589800,Mossley (Eng),Fleetwood (Eng),1,0,,,,0
1599589800,Mickleover (Eng),Guiseley (Eng),1,1,,,,0
1599589800,Grantham (Eng),Spalding United (Eng),1,0,,,,0
1599589800,Clitheroe (Eng),FC Halifax (Eng),2,1,,,,0
1599589800,Belper Town (Eng),Chesterfield (Eng),2,3,,,,0
1599590700,Ware (Eng),Hendon (Eng),1,2,,,,0
1599590700,Tadcaster (Eng),Farsley (Eng),1,4,,,,0
1599590700,Sutton (Eng),Eastbourne Boro (Eng),1,1,,,,0
1599590700,Stourbridge (Eng),Kettering (Eng),2,1,,,,0
1599590700,Rushall (Eng),Stafford (Eng),0,2,,,,0
1599590700,Needham Market (Eng),Bury Town (Eng),3,1,,,,0
1599590700,Market Drayton (Eng),AFC Telford (Eng),1,6,,,,0
1599590700,Loughgall (Nir),PSNI (Nir),3,0,,,,0
1599590700,Kempston (Eng),St. Ives (Eng),5,4,,,,0
1599590700,Ilkeston (Eng),Eastwood Community (Eng),3,0,,,,0
1599590700,Hyde (Eng),Curzon Ashton (Eng),1,1,Pen,1,2,0
1599590700,Horsham FC (Eng),Dartford (Eng),1,3,,,,0
1599590700,Herne Bay (Eng),Dover (Eng),3,1,,,,0
1599590700,Hemsworth (Eng),Worksop (Eng),1,4,,,,0
1599590700,Hayes & Yeading (Eng),Wealdstone (Eng),2,5,,,,0
1599590700,Gosport (Eng),Havant & W (Eng),1,0,,,,0
1599590700,Glossop (Eng),Chester (Eng),0,1,,,,0
1599590700,FC United (Eng),Trafford (Eng),1,0,,,,0
1599590700,Enfield Town (Eng),Chesham (Eng),1,1,,,,0
1599590700,Dunstable (Eng),Royston (Eng),3,3,,,,0
1599590700,Dorchester (Eng),Weymouth (Eng),1,3,,,,0
1599590700,Buxton (Eng),Chorley (Eng),3,1,,,,0
1599590700,Bracknell (Eng),Chippenham (Eng),2,6,,,,0
1599590700,Billericay (Eng),Boreham Wood (Eng),2,0,,,,0
1599590700,Bamber Bridge (Eng),Southport (Eng),1,3,,,,0
1599590700,AFC Rushden & Diamonds (Eng),Barton (Eng),7,1,,,,0
1599591600,Larne (Nir),Derry City (Nir),0,1,,,,0
1599591600,Campinense (Bra),Jacyoba (Bra),5,1,,,,0
1599638400,Sabadell (Esp),CF Badalona (Esp),1,0,,,,0
1599638400,Burgos CF (Esp),CF Talavera (Esp),2,1,,,,0
1599642000,Ordabasy U21 (Kaz),Temirlan (Kaz),3,0,,,,0
1599645600,Sparta Prague (Cze),Zizkov (Cze),1,3,,,,0
1599656400,Genoa (Ita),Carpi (Ita),2,1,,,,0
1599660000,Cittadella (Ita),Virtus Verona (Ita),1,0,,,,0
1599661800,Novara (Ita),Juventus U19 (Ita),5,3,,,,0
1599663600,Turnovo (Mkd),Brera Strumica (Mkd),2,0,,,,0
1599663600,AC Milan (Ita),L.R. Vicenza (Ita),5,1,,,,0
1599667200,UCAM Murcia (Esp),Hercules (Esp),0,1,,,,0
1599667200,Racing Santander (Esp),Real Sociedad B (Esp),2,1,,,,0
1599667200,Frosinone (Ita),AS Roma (Ita),1,4,,,,0
1599667200,Chemie Leipzig (Ger),Blau-Weiss Zorbau (Ger),5,1,,,,0
1599670800,Villarrubia (Esp),Rayo Majadahonda (Esp),2,2,,,,0
1599670800,Gimnastica Segoviana (Esp),Guijuelo (Esp),2,1,,,,0
1599671700,Staaken (Ger),CFC Hertha (Ger),5,0,,,,0
1599672600,Cadiz CF (Esp),Almeria (Esp),1,1,,,,0
1599674400,Maidenhead (Eng),Bournemouth U23 (Eng),2,0,,,,0
1599674400,Fuenlabrada (Esp),Getafe (Esp),1,2,,,,0
1599674400,Atl. Astorga (Esp),Cultural Leonesa (Esp),2,2,,,,0
1599676200,Piacenza (Ita),Sampdoria (Ita),0,3,,,,0
1599676200,Barwell (Eng),Gloucester (Eng),2,1,,,,0
1599676800,Castro Daire (Por),Oliveira Hospital (Por),1,1,,,,0
1599678900,Vitoria Guimaraes (Por),Moreirense (Por),0,0,,,,0
1599742800,Genoa (Ita),Carrarese (Ita),2,1,,,,0
1599748200,Gubbio (Ita),Ternana (Ita),1,1,,,,0
1599748200,Cesena (Ita),Imolese (Ita),0,0,,,,0
1599751800,Parma (Ita),Pro Sesto (Ita),6,0,,,,0
1599753600,Fano (Ita),Ascoli (Ita),2,1,,,,0
1599762600,Hitchin (Eng),Harpenden Town (Eng),5,0,,,,0
1599825600,Basel (Sui),Saarbrucken (Ger),1,5,,,,0
1599836400,Giannina (Gre),Levadiakos (Gre),1,3,,,,0
1599836400,FeralpiSalo (Ita),Lecco (Ita),2,1,,,,0
1599838200,Vis Pesaro (Ita),Spal (Ita),0,2,,,,0
1599838200,Augsburg II (Ger),Regensburg II (Ger),4,0,,,,0
1599840000,Vaduz (Lie),Turkgucu Munchen (Ger),1,2,,,,0
1599840000,Napoli (Ita),Pescara (Ita),4,0,,,,0
1599840000,Illertissen (Ger),Schwaben Augsburg (Ger),2,1,,,,0
1599841800,Eltersdorf (Ger),Furth II (Ger),1,0,,,,0
1599841800,Auerbach (Ger),Zwickau (Ger),0,0,,,,0
1599843600,Burghausen (Ger),TSV 1880 Wasserburg (Ger),1,1,,,,0
1599844500,Buchbach (Ger),Deisenhofen (Ger),4,0,,,,0
1599845400,Paloma (Ger),Condor Hamburg (Ger),7,2,,,,0
1599845400,L'Entregu (Esp),Langreo (Esp),0,3,,,,0
1599845400,Heimstetten (Ger),Unterfohring (Ger),3,0,,,,0
1599847200,Terrassa (Esp),Sabadell (Esp),3,1,,,,0
1599847200,Taunton (Eng),Yeovil (Eng),2,1,,,,0
1599847200,Morpeth (Eng),Hartlepool (Eng),1,5,,,,0
1599849000,Newry City (Nir),Dungannon (Nir),0,1,,,,0
1599897600,Elche (Esp),UCAM Murcia (Esp),2,0,,,,0
1599901200,Paradiso (Sui),Varese FC (Ita),4,2,,,,0
1599905700,Dusseldorf U19 (Ger),Offenbach U19 (Ger),1,3,,,,0
1599908400,Seligenporten (Ger),Nurnberg II (Ger),2,4,,,,0
1599912000,Whitby (Eng),York City (Eng),2,0,,,,0
1599912000,Stockport County (Eng),Curzon Ashton (Eng),2,0,,,,0
1599912000,Memmingen (Ger),Sonthofen (Ger),4,3,,,,0
1599912000,Leamington (Eng),Solihull Moors (Eng),1,3,,,,0
1599912000,Hednesford (Eng),Basford (Eng),1,1,,,,0
1599912000,Hallescher (Ger),Braunschweig (Ger),1,3,,,,0
1599912000,Guiseley (Eng),FC Halifax (Eng),1,2,,,,0
1599912000,Gateshead (Eng),South Shields (Eng),1,0,,,,0
1599912000,Chippenham (Eng),Bristol Rovers U23 (Eng),4,1,,,,0
1599912000,Bayreuth (Ger),Ammerthal (Ger),4,2,,,,0
1599912000,Aubstadt (Ger),Wurzburger FV (Ger),3,0,,,,0
1599913800,St. Gallen (Sui),Turkgucu Munchen (Ger),1,3,,,,0
1599915600,Glentoran (Nir),Bangor FC (Nir),6,2,,,,0
1599915600,Atalanta (Ita),Pro Sesto (Ita),4,1,,,,0
1599915600,Aston Villa (Eng),Manchester Utd (Eng),1,0,,,,0
1599919200,Weymouth (Eng),Poole (Eng),4,0,,,,0
1599919200,Weston-super-Mare (Eng),Hereford (Eng),2,0,,,,0
1599919200,Wealdstone (Eng),Havant & W (Eng),3,1,,,,0
1599919200,Warrington (Eng),AFC Fylde (Eng),0,0,,,,0
1599919200,Torquay (Eng),Hemel Hempstead (Eng),3,2,,,,0
1599919200,Salisbury (Eng),Eastleigh (Eng),1,1,,,,0
1599919200,Rushall (Eng),Stourbridge (Eng),2,4,,,,0
1599919200,Radcliffe (Eng),Chorley (Eng),3,1,,,,0
1599919200,Nantwich (Eng),Altrincham (Eng),0,1,,,,0
1599919200,Modena (Ita),Spal (Ita),4,2,,,,0
1599919200,Mickleover (Eng),Peterborough Sports (Eng),0,0,,,,0
1599919200,Lancaster (Eng),Spennymoor (Eng),2,4,,,,0
1599919200,Hyde (Eng),Farsley (Eng),0,0,,,,0
1599919200,Hitchin (Eng),Barnet (Eng),2,0,,,,0
1599919200,Haringey (Eng),Sutton (Eng),0,2,,,,0
1599919200,Gosport (Eng),Bognor Regis (Eng),0,1,,,,0
1599919200,Gainsborough (Eng),Boston Utd (Eng),1,2,,,,0
1599919200,Folkestone (Eng),Dover (Eng),0,0,,,,0
1599919200,Eichstatt (Ger),Ansbach (Ger),3,3,,,,0
1599919200,Dorking (Eng),Horsham FC (Eng),1,0,,,,0
1599919200,Crusaders (Nir),Dundela (Nir),0,0,,,,0
1599919200,Concord (Eng),Boreham Wood (Eng),1,2,,,,0
1599919200,Carrick Rangers (Nir),Annagh (Nir),2,2,,,,0
1599919200,Buxton (Eng),Chester (Eng),3,2,,,,0
1599919200,Brightlingsea (Eng),Romford (Eng),0,1,,,,0
1599919200,Brackley Town (Eng),AFC Rushden & Diamonds (Eng),2,0,,,,0
1599919200,Bologna (Ita),Entella (Ita),0,0,,,,0
1599919200,Ballyclare (Nir),Ballymena (Nir),0,3,,,,0
1599919200,Alfreton (Eng),Notts Co (Eng),1,2,,,,0
1599921000,Cosenza (Ita),Vibonese (Ita),3,1,,,,0
1599922800,SC Angrense (Por),SC Lusitania (Por),0,1,,,,0
1599922800,Pergolettese (Ita),Renate (Ita),1,0,,,,0
1599922800,Panachaiki (Gre),Ionikos (Gre),1,0,,,,0
1599922800,Cittadella (Ita),Sudtirol (Ita),2,1,,,,0
1599922800,Alessandria (Ita),AlbinoLeffe (Ita),0,0,,,,0
1599922800,AC Milan (Ita),Brescia (Ita),3,1,,,,0
1599924600,Verona (Ita),Cremonese (Ita),0,1,,,,0
1599924600,Lecce (Ita),Monopoli (Ita),2,2,,,,0
1599924600,La Baneza (Esp),Cultural Leonesa (Esp),0,5,,,,0
1599926400,Mosconia (Esp),Marino de Luanco (Esp),0,4,,,,0
1599926400,Frosinone (Ita),Lazio (Ita),0,1,,,,0
1599926400,Fiorentina (Ita),Reggiana (Ita),5,1,,,,0
1599926400,Empoli (Ita),Lucchese (Ita),4,0,,,,0
1599926400,Cagliari (Ita),AS Roma (Ita),2,2,,,,0
1599926400,Braga (Por),SC Farense (Por),2,0,,,,1
1599928200,Zaragoza (Esp),Getafe (Esp),0,2,,,,0
1599928200,Laredo (Esp),Racing Santander (Esp),0,0,,,,0
1599928200,Juventus U19 (Ita),Pro Patria (Ita),2,3,,,,0
1599928200,Espanyol B (Esp),Sant Andreu (Esp),4,1,,,,0
1599928200,CD Badajoz (Esp),Almeria (Esp),1,2,,,,0
1599930000,Poblense (Esp),Baleares (Esp),2,0,,,,0
1599930000,Benevento (Ita),Reggina (Ita),2,1,,,,0
1599930000,Barcelona (Esp),Gimnastic (Esp),3,1,,,,0
1599931800,Vilassar de Mar (Esp),CE Europa (Esp),0,2,,,,0
1599933600,Ribeirinha (Por),Fontinhas (Por),1,1,Pen,1,2,0
1599933600,Muro (Esp),Alcoyano (Esp),1,3,,,,0
1599933600,CD Coria (Esp),Extremadura UD (Esp),0,3,,,,0
1599935400,La Roda (Esp),Villarrobledo (Esp),0,0,,,,0
1599936300,L.R. Vicenza (Ita),Monza (Ita),1,1,,,,0
1599936300,Boavista (Por),Tondela (Por),4,1,,,,0
1599985800,Juventus (Ita),Novara (Ita),5,0,,,,0
1599986700,Paloma (Ger),Hamm United (Ger),0,1,,,,0
1600009200,Udinese (Ita),Venezia (Ita),0,1,,,,0
1600009200,SC Angrense (Por),Boavista (Por),1,0,,,,0
1600012800,Prat (Esp),Vilafranca (Esp),1,0,,,,0
1600012800,Burgos CF (Esp),Unionistas (Esp),0,1,,,,0
1600014600,Granollers (Esp),CE Europa (Esp),1,1,,,,0
1600018200,San Cristobal CP (Esp),UE Rubi (Esp),0,1,,,,0
1600020000,SC Lusitania (Por),Fontinhas (Por),1,3,,,,0
1600164000,Real Madrid (Esp),Getafe (Esp),6,0,,,,0
1600171200,Torquay (Eng),Bournemouth U23 (Eng),3,0,,,,0
1600182000,Pergolettese (Ita),Atalanta U19 (Ita),0,3,,,,0
1600182000,Inter (Ita),Lugano (Sui),5,0,,,,0
1600185600,Sevilla (Esp),Levante (Esp),3,2,,,,0
1600191000,UE Figueres (Esp),Badalona Futur (Esp),1,1,Pen,2,1,0
1600192800,Sutton (Eng),Dulwich Hamlet (Eng),1,0,,,,0
1600192800,Dorchester (Eng),Yeovil (Eng),0,2,,,,0
1600194600,Glentoran (Nir),Portadown (Nir),3,1,,,,0
1600194600,AFC Telford (Eng),Wrexham (Wal),0,0,,,,0
1600195500,Witton (Eng),Macclesfield (Eng),1,2,,,,0
1600195500,St. Albans (Eng),Wealdstone (Eng),4,0,,,,0
1600195500,Slough (Eng),Boreham Wood (Eng),1,7,,,,0
1600195500,Hampton & Richmond (Eng),Eastleigh (Eng),1,1,,,,0
1600195500,Guiseley (Eng),Stockport County (Eng),1,5,,,,0
1600195500,Dundela (Nir),Glenavon (Nir),1,1,,,,0
1600195500,Dartford (Eng),Aldershot (Eng),3,0,,,,0
1600195500,Curzon Ashton (Eng),Altrincham (Eng),4,3,,,,0
1600195500,Calne Town (Eng),Chippenham (Eng),0,4,,,,0
1600195500,Bromley (Eng),Chelmsford (Eng),1,0,,,,0
1600198200,Banyoles (Esp),Olot (Esp),1,1,,,,0
1600245000,Madura United (Ina),Dewa United (Ina),4,1,,,,0
1600245000,Hercules (Esp),Baleares (Esp),2,1,,,,0
1600246800,Extremadura UD (Esp),Cacereno (Esp),5,0,,,,0
1600264800,Venezia (Ita),Pordenone (Ita),2,2,,,,0
1600264800,Cittadella (Ita),Piacenza (Ita),3,1,,,,0
1600268400,ND Gorica (Slo),Triestina (Ita),0,2,,,,0
1600268400,Ludogorets (Bul),Lok. Gorna (Bul),2,1,,,,0
1600268400,Giannina (Gre),Karaiskakis (Gre),1,0,,,,0
1600270200,Entella (Ita),Lucchese (Ita),1,1,,,,0
1600272000,Pescara (Ita),Ternana (Ita),1,0,,,,0
1600273800,Salamanca (Esp),Atl. Astorga (Esp),0,0,,,,0
1600273800,Gimnastic (Esp),Zaragoza (Esp),1,0,,,,0
1600275600,Guijuelo (Esp),CD Coria (Esp),3,1,,,,0
1600275600,Barcelona (Esp),Girona (Esp),3,1,,,,0
1600277400,Bembibre (Esp),Cultural Leonesa (Esp),2,6,,,,0
1600277400,Badalona Futur (Esp),Banyoles (Esp),1,1,,,,0
1600279200,Orihuela (Esp),Murcia (Esp),0,1,,,,0
1600281000,Villarrobledo (Esp),La Roda (Esp),2,2,,,,0
1600281000,Rayo Ibense (Esp),Eldense (Esp),1,2,,,,0
1600281900,Montevarchi (Ita),Prato (Ita),1,1,,,,0
1600281900,Kettering (Eng),Hemel Hempstead (Eng),1,0,,,,0
1600281900,Clitheroe (Eng),Padiham (Eng),2,2,,,,0
1600284600,UE Figueres (Esp),Olot (Esp),1,0,,,,0
1600324200,Persik Kediri (Ina),Bekasi City (Ina),3,2,,,,0
1600351200,Pordenone (Ita),Ravenna (Ita),0,1,,,,0
1600354800,Triestina (Ita),Tabor Sezana (Slo),1,1,,,,0
1600354800,Arezzo (Ita),Pianese (Ita),1,1,,,,0
1600365600,San Fernando (Esp),Cordoba (Esp),0,0,,,,0
1600365600,L Hospitalet (Esp),Santboia (Esp),3,1,,,,0
1600365600,Cabecense (Esp),Xerez D.F.C. (Esp),0,0,,,,0
1600437600,L.R. Vicenza (Ita),Sudtirol (Ita),1,0,,,,0
1600441200,Monza (Ita),Alessandria (Ita),1,0,,,,0
1600441200,Cittadella (Ita),Mantova (Ita),3,2,,,,0
1600443000,Sevilla (Esp),Ath Bilbao (Esp),2,1,,,,0
1600446600,Rota (Esp),Sanluqueno (Esp),0,5,,,,0
1600451100,Covadonga (Esp),Llanera (Esp),1,0,,,,0
1600452000,Tropezon (Esp),Selaya (Esp),4,1,,,,0
1600452000,Eldense (Esp),Yeclano (Esp),2,0,,,,0
1600453800,Moralo (Esp),Trujillo (Esp),0,0,,,,0
1600502400,Lorca Deportiva (Esp),Racing Cartagena MM (Esp),0,1,,,,0
1600504200,Murcia (Esp),Hercules (Esp),2,1,,,,0
1600506000,SD Navarro CF (Esp),Marino de Luanco (Esp),0,1,,,,0
1600506000,Recreativo Huelva (Esp),Betis B (Esp),2,0,,,,0
1600507800,Arandina (Esp),Real Burgos CF (Esp),1,1,,,,0
1600509600,Villarrubia (Esp),Linares (Esp),2,0,,,,0
1600509600,UE Rubi (Esp),Terrassa (Esp),0,1,,,,0
1600509600,Caudal Deportivo (Esp),R. Oviedo B (Esp),2,1,,,,0
1600513200,Huddersfield U21 (Eng),Altrincham (Eng),0,4,,,,0
1600513200,East Kilbride (Sco),Stranraer (Sco),3,2,,,,0
1600513200,Alfreton (Eng),Chesterfield (Eng),2,0,,,,0
1600518600,Kidderminster (Eng),Wrexham (Wal),0,4,,,,0
1600520400,Udinese (Ita),Spal (Ita),0,1,,,,0
1600520400,Montrose (Sco),Dundee FC (Sco),2,2,,,,0
1600520400,Kettering (Eng),King’s Lynn (Eng),1,0,,,,0
1600520400,Kelty Hearts (Sco),Airdrieonians (Sco),1,1,,,,0
1600520400,Glentoran (Nir),H&W Welders (Nir),7,0,,,,0
1600520400,Albion Rovers (Sco),Caledonian Braves (Sco),1,1,,,,0
1600524000,Wealdstone (Eng),Dulwich Hamlet (Eng),1,1,,,,0
1600524000,Torquay (Eng),Chippenham (Eng),0,2,,,,0
1600524000,St. Albans (Eng),Sutton (Eng),0,0,,,,0
1600524000,Solihull Moors (Eng),Hereford (Eng),0,1,,,,0
1600524000,Slough (Eng),Weymouth (Eng),2,4,,,,0
1600524000,Portadown (Nir),Ards (Nir),1,2,,,,0
1600524000,Peterhead (Sco),Fraserburgh (Sco),0,2,,,,0
1600524000,Moyola (Nir),Ballyclare (Nir),1,1,,,,0
1600524000,Marske (Eng),City Of Liverpool (Eng),4,2,,,,0
1600524000,Larne (Nir),Annagh (Nir),1,0,,,,0
1600524000,L.R. Vicenza (Ita),Legnago Salus (Ita),4,3,,,,0
1600524000,FC Halifax (Eng),Boston Utd (Eng),2,2,,,,0
1600524000,Ebbsfleet (Eng),Dover (Eng),2,1,,,,0
1600524000,Eastleigh (Eng),Eastbourne Boro (Eng),3,2,,,,0
1600524000,Crusaders (Nir),Queens Univ. (Nir),2,0,,,,0
1600524000,AFC Telford (Eng),Notts Co (Eng),1,3,,,,0
1600525800,Panachaiki (Gre),Karaiskakis (Gre),2,0,,,,0
1600525800,Padova (Ita),Reggiana (Ita),2,1,,,,0
1600526700,Apollon Smyrnis (Gre),O. Volos (Gre),1,0,,,,0
1600527600,Modena (Ita),Venezia (Ita),1,6,,,,0
1600527600,Le Puy-en-Velay (Fra),Jura Sud (Fra),1,4,,,,0
1600527600,Atl. Madrid (Esp),Almeria (Esp),4,1,,,,0
1600527600,Ascoli (Ita),Matelica (Ita),4,1,,,,0
1600529400,Spezia (Ita),Pistoiese (Ita),5,0,,,,0
1600529400,Numancia (Esp),SD Logrones (Esp),0,2,,,,0
1600529400,Empoli (Ita),Vis Pesaro (Ita),2,0,,,,0
1600531200,Peralada (Esp),Badalona Futur (Esp),2,0,,,,0
1600531200,Orihuela (Esp),CF Intercity (Esp),1,1,,,,0
1600531200,Lorca FC (Esp),Minerva (Esp),1,2,,,,0
1600531200,Lealtad (Esp),Racing Santander (Esp),1,0,,,,0
1600531200,Lazio (Ita),Benevento (Ita),0,0,,,,0
1600531200,La Virgen (Esp),Cultural Leonesa (Esp),1,2,,,,0
1600531200,Jupiter (Esp),Sant Andreu (Esp),2,3,,,,0
1600531200,Inter (Ita),Pisa (Ita),7,0,,,,0
1600531200,CE Europa (Esp),Manresa (Esp),1,2,,,,0
1600531200,CD Colunga (Esp),Real Aviles (Esp),1,2,,,,0
1600531200,Burgos CF (Esp),Ath Bilbao B (Esp),2,0,,,,0
1600531200,Baleares (Esp),UCAM Murcia (Esp),0,0,,,,0
1600533000,Selaya (Esp),Cayon (Esp),0,1,,,,0
1600533000,Guijuelo (Esp),Extremadura UD (Esp),2,1,,,,0
1600534800,Zaragoza (Esp),Girona (Esp),1,0,,,,0
1600534800,Santa Amalia (Esp),Cacereno (Esp),0,4,,,,0
1600534800,Barcelona (Esp),Elche (Esp),1,0,,,,0
1600536600,Prat (Esp),L Hospitalet (Esp),2,1,,,,0
1600536600,Alzira (Esp),Vilamarxant (Esp),2,1,,,,0
1600538400,Eldense (Esp),Villarreal C (Esp),0,3,,,,0
1600540200,La Roda (Esp),Ilicitano (Esp),2,3,,,,0
1600594200,Torremolinos (Esp),Cordoba (Esp),0,1,,,,0
1600596000,Martinenc (Esp),UE Rubi (Esp),2,2,,,,0
1600610400,Pergolettese (Ita),Pro Sesto (Ita),0,1,,,,0
1600612200,Montevarchi (Ita),Scandicci (Ita),2,3,,,,0
1600612200,AEL Larissa (Gre),Giannina (Gre),0,1,,,,0
1600614000,Naval Reinosa (Esp),Real Burgos CF (Esp),1,0,,,,0
1600615800,Panathinaikos (Gre),Levadiakos (Gre),1,0,,,,0
1600615800,Condal (Esp),Valdesoto (Esp),1,1,,,,0
1600617600,Constancia (Esp),Manacor (Esp),1,3,,,,0
1600621200,Villarrobledo (Esp),Albacete B (Esp),1,0,,,,0
1600621200,Granollers (Esp),Cerdanyola (Esp),0,2,,,,0
1600621200,CF Gava (Esp),Prat (Esp),3,3,Pen,3,4,0
1600622100,CD Coria (Esp),Don Benito (Esp),1,1,,,,0
1600624800,Moralo (Esp),Villanovense (Esp),0,0,Pen,1,0,0
1600711200,SC Lusitania (Por),SC Angrense (Por),3,1,,,,0
1600785000,Gorica (Cro),Kurilovec (Cro),2,2,Pen,2,3,0
1600797600,Algeciras (Esp),Ceuta (Esp),3,1,,,,0
1600799400,Raith (Sco),Stenhousemuir (Sco),5,2,,,,0
1600799400,Keith (Sco),Elgin City (Sco),0,5,,,,0
1600799400,Hereford (Eng),Solihull Moors (Eng),0,2,,,,0
1600799400,Airdrieonians (Sco),Albion Rovers (Sco),3,2,,,,0
1600800300,Yeovil (Eng),Bath (Eng),3,0,,,,0
1600800300,Slough (Eng),Aldershot (Eng),2,1,,,,0
1600800300,Hampton & Richmond (Eng),Sutton (Eng),1,1,,,,0
1600800300,Glenavon (Nir),Dollingstown (Nir),2,1,,,,0
1600800300,Dartford (Eng),Dover (Eng),1,1,,,,0
1600800300,Dag & Red (Eng),Concord (Eng),2,1,,,,0
1600800300,Bedford (Eng),Hemel Hempstead (Eng),0,1,,,,0
1600800300,Bangor FC (Nir),Portadown (Nir),1,2,,,,0
1600800300,Alloa (Sco),Stranraer (Sco),3,1,,,,0
1600800300,Alfreton (Eng),Altrincham (Eng),2,0,,,,0
1600801200,Antequera (Esp),Motril (Esp),2,1,,,,0
1600876800,Marbella (Esp),Linense (Esp),0,1,,,,0
1600877700,UD Samano (Esp),Sestao (Esp),2,4,,,,0
1600880400,Villarrubia (Esp),CF Talavera (Esp),4,0,,,,0
1600880400,Real Avila (Esp),Atl. Tordesillas (Esp),1,0,,,,0
1600882200,Eldense (Esp),Hercules (Esp),1,1,,,,0
1600883100,Durango (Esp),Leioa (Esp),1,1,,,,0
1600884000,Tropezon (Esp),Noja (Esp),2,0,,,,0
1600884000,Terrassa (Esp),Castellar (Esp),3,0,,,,0
1600884000,Murcia (Esp),UD Ibiza (Esp),0,2,,,,0
1600884000,Caudal Deportivo (Esp),Langreo (Esp),0,3,,,,0
1600884900,Santa Amalia (Esp),Extremadura UD (Esp),2,5,,,,0
1600885800,Wrexham (Wal),AFC Telford (Eng),0,1,,,,0
1600885800,Sant Andreu (Esp),Lleida (Esp),0,0,,,,0
1600885800,Miajadas (Esp),Villanovense (Esp),2,5,,,,0
1600885800,La Roda (Esp),Ciudad Cieza (Esp),2,0,,,,0
1600885800,Glenavon (Nir),St. James' Swifts (Nir),4,1,,,,0
1600885800,Albion Rovers (Sco),Dumbarton (Sco),2,3,,,,0
1600887600,Cornella (Esp),UE Sants (Esp),0,1,,,,0
1600887600,CD Marino (Esp),Atl. Victoria (Esp),1,0,,,,0
1600952400,Al-Sahel (Syr),Al Karamah (Syr),0,1,,,,0
1600959600,Asteras Tripolis (Gre),PAE Egaleo (Gre),0,0,,,,0
1600966800,UD Ibiza (Esp),El Ejido (Esp),0,0,,,,0
1600966800,Lorca FC (Esp),Murcia (Esp),1,1,,,,0
1600968600,Montanesa (Esp),CE Europa (Esp),0,0,,,,0
1600969500,Covadonga (Esp),Llanes (Esp),1,0,,,,0
1600970400,Algeciras (Esp),Cordoba (Esp),1,4,,,,0
1601046000,Lealtad (Esp),R. Oviedo B (Esp),0,2,,,,0
1601051400,Cultural Leonesa (Esp),Rayo Majadahonda (Esp),1,1,,,,0
1601051400,Betis B (Esp),CD Badajoz (Esp),1,1,,,,0
1601056800,Manresa (Esp),Olot (Esp),2,0,,,,0
1601059500,Glentoran (Nir),Warrenpoint (Nir),3,0,,,,0
1601109000,UD Ibiza (Esp),UCAM Murcia (Esp),2,1,,,,0
1601110800,Yeclano (Esp),Hercules (Esp),2,1,,,,0
1601114400,Gimnastica Segoviana (Esp),Las Rozas (Esp),1,0,,,,0
1601114400,Ebro (Esp),Tarazona (Esp),0,0,,,,0
1601114400,Cornella (Esp),Sant Andreu (Esp),1,0,,,,0
1601114400,Burlades (Esp),Pena (Esp),1,4,,,,0
1601114400,Algeciras (Esp),Melilla (Esp),0,0,,,,0
1601118000,Chesterfield (Eng),Guiseley (Eng),0,1,,,,0
1601121600,Schweinfurt (Ger),Nurnberg II (Ger),1,1,,,,0
1601121600,Gateshead (Eng),Hartlepool (Eng),1,4,,,,0
1601121600,Dungannon (Nir),Banbridge (Nir),1,0,,,,0
1601123400,Stockport County (Eng),Kidderminster (Eng),2,1,,,,0
1601125200,St. Albans (Eng),King’s Lynn (Eng),2,2,,,,0
1601125200,Portadown (Nir),Dundela (Nir),2,2,,,,0
1601125200,Montrose (Sco),Brechin (Sco),1,1,,,,0
1601125200,Knockbreda (Nir),Larne (Nir),0,3,,,,0
1601125200,Elgin City (Sco),Inverness (Sco),3,7,,,,0
1601125200,East Fife (Sco),Dunfermline (Sco),0,1,,,,0
1601125200,Coleraine (Nir),Annagh (Nir),2,3,,,,0
1601125200,Bradford PA (Eng),Farsley (Eng),3,0,,,,0
1601125200,Arbroath (Sco),Forfar Athletic (Sco),3,0,,,,0
1601125200,Airdrieonians (Sco),Queen of South (Sco),1,0,,,,0
1601128800,Yeovil (Eng),Bournemouth U23 (Eng),2,3,,,,0
1601128800,Weymouth (Eng),Ebbsfleet (Eng),0,1,,,,0
1601128800,Welling (Eng),Boreham Wood (Eng),0,1,,,,0
1601128800,Wealdstone (Eng),Slough (Eng),0,1,,,,0
1601128800,Tonbridge (Eng),Aldershot (Eng),2,3,,,,0
1601128800,Solihull Moors (Eng),Leamington (Eng),3,1,,,,0
1601128800,Notts Co (Eng),York City (Eng),0,3,,,,0
1601128800,Maidstone (Eng),Dover (Eng),3,0,,,,0
1601128800,Loughgall (Nir),Dungannon (Nir),1,3,,,,0
1601128800,Hearts (Sco),Partick Thistle (Sco),2,0,,,,0
1601128800,Hampton & Richmond (Eng),Woking (Eng),3,1,,,,0
1601128800,Eastleigh (Eng),Hemel Hempstead (Eng),2,1,,,,0
1601128800,Dorking (Eng),Sutton (Eng),1,1,,,,0
1601128800,Dartford (Eng),Barnet (Eng),1,0,,,,0
1601128800,Dag & Red (Eng),Chelmsford (Eng),1,0,,,,0
1601128800,Curzon Ashton (Eng),FC Halifax (Eng),0,0,,,,0
1601128800,Crusaders (Nir),Ballinamallard (Nir),2,0,,,,0
1601128800,Cliftonville (Nir),Newry City (Nir),4,1,,,,0
1601128800,Chippenham (Eng),Hereford (Eng),1,0,,,,0
1601128800,Bromley (Eng),Dulwich Hamlet (Eng),1,1,Pen,1,2,0
1601128800,AFC Fylde (Eng),Altrincham (Eng),2,2,,,,0
1601130600,Apollon Smyrnis (Gre),Ionikos (Gre),1,1,,,,0
1601132400,Leioa (Esp),Arenas Getxo (Esp),2,1,,,,0
1601136000,Torrelavega (Esp),Llanera (Esp),1,2,,,,0
1601136000,Textil Escudo (Esp),Selaya (Esp),1,1,,,,0
1601136000,Palencia CA (Esp),Cultural Leonesa (Esp),2,1,,,,0
1601136000,FC L'escala (Esp),Barcelona B (Esp),0,5,,,,0
1601136000,Arenteiro (Esp),Compostela (Esp),2,1,,,,0
1601137800,San Roque (Esp),Recreativo Huelva (Esp),1,0,,,,0
1601137800,CD Calamonte (Esp),CD Badajoz B (Esp),2,0,,,,0
1601139600,Vilassar de Mar (Esp),Santfeliuenc (Esp),3,1,,,,0
1601139600,Guijuelo (Esp),Penaranda (Esp),2,0,,,,0
1601139600,Extremadura UD (Esp),Don Benito (Esp),1,1,,,,0
1601141400,Horta (Esp),San Cristobal CP (Esp),1,1,,,,0
1601143200,Union Guimar (Esp),CD Marino (Esp),0,2,,,,0
1601143200,Alzira (Esp),Valencia B (Esp),0,1,,,,0
1601200800,San Clemente (Esp),Almagro (Esp),3,3,,,,0
1601200800,Prat (Esp),Pobla Mafumet (Esp),2,1,,,,0
1601200800,Paterna (Esp),Torrent (Esp),1,1,,,,0
1601215200,Scheffleng (Lux),Rumelange (Lux),0,5,,,,0
1601217000,Poblense (Esp),SD Ibiza (Esp),1,0,,,,0
1601218800,Quintanar del Rey (Esp),Pedroneras (Esp),1,0,,,,0
1601218800,Jupiter (Esp),Castelldefels (Esp),2,1,,,,0
1601220600,La Baneza (Esp),Leonesa B (Esp),2,1,,,,0
1601222400,Lorca FC (Esp),Pulpileno (Esp),1,1,,,,0
1601222400,Azuaga (Esp),Jerez CF (Esp),0,0,,,,0
1601224200,Saguntino (Esp),Benicarlo (Esp),0,0,,,,0
1601226000,Villanovense (Esp),Cacereno (Esp),0,2,,,,0
1601226000,San Cristobal CP (Esp),Grama (Esp),0,1,,,,0
1601226000,La Solana (Esp),Puertollano C.F. (Esp),0,0,Pen,0,1,0
1601380800,Fleetwood U23 (Eng),FC Halifax (Eng),4,1,,,,0
1601395200,Aviles Stadium (Esp),Lealtad (Esp),0,2,,,,0
1601398800,Algeciras (Esp),Sevilla FC B (Esp),0,1,,,,0
1601400600,Gonsenheim (Ger),Alzenau (Ger),2,6,,,,0
1601404200,Padiham (Eng),Chester (Eng),0,6,,,,0
1601404200,Dundela (Nir),East Belfast (Nir),0,2,,,,0
1601404200,Airdrieonians (Sco),Albion Rovers (Sco),1,1,,,,0
1601405100,Forfar Athletic (Sco),Brechin (Sco),2,3,,,,0
1601458200,Granada CF B (Esp),Linense (Esp),1,1,,,,0
1601458200,Celta Vigo B (Esp),Arenteiro (Esp),2,2,,,,0
1601467200,Royale Union SG (Bel),Oostende (Bel),2,0,,,,0
1601470800,Partick Thistle (Sco),Ayr (Sco),2,2,,,,0
1601472600,Struga (Mkd),Karaorman (Mkd),3,0,,,,0
1601481600,UCAM Murcia (Esp),Lorca Deportiva (Esp),1,0,,,,0
1601481600,Rota (Esp),Xerez CD (Esp),0,3,,,,0
1601481600,Dep. La Coruna (Esp),Arzua (Esp),5,0,,,,0
1601485200,Somorrostro (Esp),Barakaldo (Esp),3,0,,,,0
1601485200,Real Avila (Esp),CF Talavera (Esp),3,0,,,,0
1601485200,Arandina (Esp),Palencia CA (Esp),1,0,,,,0
1601487000,Vilafranca (Esp),CF Badalona (Esp),0,4,,,,0
1601487000,Alcoyano (Esp),Beniganim (Esp),6,1,,,,0
1601488800,Txantrea (Esp),Pena (Esp),2,3,,,,0
1601488800,Tropezon (Esp),Deportiva Santillana (Esp),6,1,,,,0
1601488800,Miajadas (Esp),Merida AD (Esp),0,6,,,,0
1601488800,Eldense (Esp),Albacete B (Esp),3,1,,,,0
1601488800,Don Benito (Esp),Cacereno (Esp),2,1,,,,0
1601490600,Recreativo Huelva (Esp),CD Badajoz (Esp),2,0,,,,0
1601490600,Muleno (Esp),Murcia (Esp),1,2,,,,0
1601490600,Castilleja CF (Esp),Coria C.F. (Esp),0,2,,,,0
1601491500,Ballyclare (Nir),Glenavon (Nir),3,4,,,,0
1601569800,Trujillo (Esp),Arroyo (Esp),1,0,,,,0
1601575200,Ciudad Real (Esp),Socuellamos (Esp),1,1,,,,0
1601663400,Textil Escudo (Esp),Solares (Esp),0,1,,,,0
1601664300,Larne (Nir),Ards (Nir),3,0,,,,0
1601664300,Coleraine (Nir),Loughgall (Nir),2,1,,,,0
1601665200,Cornella (Esp),Terrassa (Esp),1,2,,,,0
1601665200,Alhaurin (Esp),El Palo (Esp),0,0,,,,0
1601715600,Las Palmas B (Esp),Villa Santa Brigida (Esp),3,0,,,,0
1601717400,Salamanca (Esp),Rayo Majadahonda (Esp),1,1,,,,0
1601717400,Marbella (Esp),Granada CF B (Esp),2,3,,,,0
1601717400,Leioa (Esp),Sestao (Esp),0,5,,,,0
1601719200,Levante B (Esp),Murcia (Esp),0,1,,,,0
1601733600,Dungannon (Nir),Portstewart (Nir),2,1,,,,0
1601733600,Cliftonville (Nir),Warrenpoint (Nir),2,2,,,,0
1601740800,Valencia B (Esp),Orihuela (Esp),2,1,,,,0
1601740800,Santa Amalia (Esp),Don Benito (Esp),1,5,,,,0
1601740800,Alcoyano (Esp),UCAM Murcia (Esp),0,0,,,,0
1601742600,San Fernando (Esp),Ceuta (Esp),3,1,,,,0
1601742600,Ciudad de Lucena (Esp),CD Alhaurino (Esp),1,1,,,,0
1601744400,Bergantinos (Esp),Dep. La Coruna (Esp),0,0,,,,0
1601746200,San Cristobal CP (Esp),Girona B (Esp),1,0,,,,0
1601746200,Cerdanyola (Esp),Santfeliuenc (Esp),2,2,,,,0
1601748000,Sant Andreu (Esp),Manresa (Esp),0,0,,,,0
1601749800,Villarrobledo (Esp),Villarrubia (Esp),0,0,,,,0
1601805600,UD Ibiza (Esp),Pena Deportiva (Esp),1,0,,,,0
1601805600,Ejea (Esp),Lleida (Esp),3,1,,,,0
1601805600,Castelldefels (Esp),Vilassar de Mar (Esp),2,0,,,,0
1601827200,Soller (Esp),Ferriolense (Esp),2,0,,,,0
1601827200,La Solana (Esp),Guadalajara (Esp),1,1,,,,0
1601827200,Chinato (Esp),Arroyo (Esp),2,0,,,,0
1601829000,Bembibre (Esp),Barco (Esp),2,3,,,,0
1601922600,Linfield (Nir),PSNI (Nir),6,0,,,,0
1602003600,Marbella (Esp),Sevilla FC B (Esp),2,1,,,,0
1602005400,Xerez CD (Esp),Sanluqueno (Esp),2,2,,,,0
1602007200,Puente Genil (Esp),Cordoba (Esp),1,1,,,,0
1602007200,Algeciras (Esp),Malaga B (Esp),1,0,,,,0
1602009000,Gama (Esp),Laredo (Esp),0,6,,,,0
1602025200,Estudiantes L.P. (Arg),Temperley (Arg),0,0,,,,0
1602025200,Argentinos Jrs (Arg),Tigre (Arg),2,0,,,,0
1602025200,All Boys (Arg),Banfield (Arg),0,0,,,,0
1602064800,Pontevedra (Esp),Dep. La Coruna (Esp),1,2,,,,0
1602066600,Baleares (Esp),Pena Deportiva (Esp),1,1,,,,0
1602068400,Darmstadt (Ger),Sandhausen (Ger),2,2,,,,0
1602075600,Jena (Ger),Zwickau (Ger),2,2,,,,0
1602082800,Werder Bremen (Ger),St. Pauli (Ger),4,1,,,,0
1602084600,UCAM Murcia (Esp),La Nucia (Esp),1,2,,,,0
1602086400,Villarreal B (Esp),Cornella (Esp),1,0,,,,0
1602090000,Torrelavega (Esp),Burgos CF (Esp),1,2,,,,0
1602091800,Torremolinos (Esp),El Palo (Esp),0,1,,,,0
1602091800,Sestao (Esp),Deportivo Getxo (Esp),0,0,,,,0
1602093600,Mutilvera (Esp),Racing Rioja (Esp),1,0,,,,0
1602093600,CD Coria (Esp),Merida AD (Esp),0,2,,,,0
1602093600,Arcos CF (Esp),Xerez D.F.C. (Esp),1,4,,,,0
1602095400,UP Plasencia (Esp),Cacereno (Esp),0,0,,,,0
1602095400,Newry City (Nir),Glenavon (Nir),3,2,,,,0
1602095400,Motril (Esp),Almeria B (Esp),3,2,,,,0
1602096300,Campanario (Esp),Villanovense (Esp),0,5,,,,0
1602147600,Alaves (Esp),Osasuna (Esp),0,0,,,,0
1602154800,Zwolle (Ned),Utrecht (Ned),3,3,,,,0
1602158400,Schalke (Ger),Paderborn (Ger),5,1,,,,0
1602158400,Mainz (Ger),Karlsruher SC (Ger),2,4,,,,0
1602158400,Freiburg (Ger),Stuttgart (Ger),0,3,,,,0
1602162000,Winterthur (Sui),Vaduz (Lie),4,0,,,,0
1602162000,B. Monchengladbach (Ger),Dusseldorf (Ger),4,0,,,,0
1602169200,Union Berlin (Ger),Hannover (Ger),4,1,,,,0
1602169200,Amstetten (Aut),Ried (Aut),1,2,,,,0
1602171000,Valladolid (Esp),Ath Bilbao (Esp),2,2,Pen,2,3,0
1602171000,Montijo (Esp),CD Badajoz (Esp),2,1,,,,0
1602176400,Dornbirn (Aut),St. Gallen (Sui),1,1,,,,0
1602178200,CD Corellano (Esp),Pena Azagresa (Esp),1,1,,,,0
1602180900,Zamora (Esp),Cultural Leonesa (Esp),1,1,,,,0
1602182700,RCP Valverdeno (Esp),CD Badajoz B (Esp),1,2,,,,0
1602230400,Sepsi Sf. Gheorghe (Rou),Petrolul (Rou),5,4,,,,0
1602232200,Zizkov (Cze),Bohemians (Cze),0,0,,,,0
1602232200,Ostrava (Cze),Blansko (Cze),4,1,,,,0
1602234000,Nantes (Fra),Angers (Fra),1,2,,,,0
1602234000,Liberec (Cze),Dukla Prague (Cze),3,0,,,,0
1602234000,Kortrijk (Bel),Club Brugge KV U23 (Bel),0,1,,,,0
1602235800,Villarreal (Esp),Orihuela (Esp),2,0,,,,0
1602235800,Saguntino (Esp),Recambios Colon (Esp),0,1,,,,0
1602243000,CSKA 1948 Sofia (Bul),Etar (Bul),2,2,,,,0
1602244800,Young Boys (Sui),Xamax (Sui),1,0,,,,0
1602244800,Montana (Bul),Strumska Slava (Bul),1,2,,,,0
1602244800,Eintracht Frankfurt (Ger),Wurzburger Kickers (Ger),0,3,,,,0
1602246600,Heidenheim (Ger),Augsburg (Ger),1,1,,,,0
1602246600,A. Lustenau (Aut),Schaffhausen (Sui),0,0,,,,0
1602248400,River Plate (Arg),Newells Old Boys (Arg),1,2,,,,0
1602248400,Luzern (Sui),Kriens (Sui),3,2,,,,0
1602248400,Grasshoppers (Sui),Lausanne (Sui),1,2,,,,0
1602250200,Chambly (Fra),Amiens (Fra),1,1,,,,0
1602250200,Bochum (Ger),Arminia Bielefeld (Ger),1,1,,,,0
1602250200,Beroe (Bul),Sozopol (Bul),5,2,,,,0
1602252000,Rennes (Fra),Lorient (Fra),2,0,,,,0
1602252000,Altach (Aut),Wacker Innsbruck (Aut),4,1,,,,0
1602252000,Aarau (Sui),Strasbourg (Fra),0,2,,,,0
1602253800,Apollon (Cyp),Aris (Cyp),6,0,,,,0
1602255600,Ol. Nicosia (Cyp),Doxa (Cyp),1,1,,,,0
1602255600,Lafnitz (Aut),Hartberg (Aut),3,2,,,,0
1602264600,Praviano (Esp),L'Entregu (Esp),1,2,,,,0
1602266400,Socuellamos (Esp),Atzeneta (Esp),2,3,,,,0
1602266400,Puente Genil (Esp),CD Alhaurino (Esp),2,2,,,,0
1602266400,Pena (Esp),CD Ardoi (Esp),1,4,,,,0
1602266400,Laredo (Esp),Zamora (Esp),1,1,,,,0
1602269100,Annagh (Nir),Dungannon (Nir),1,2,,,,0
1602270000,Villa Santa Brigida (Esp),Tamaraceite (Esp),1,1,,,,0
1602316800,Cherno More (Bul),Dobrudzha (Bul),2,2,,,,0
1602320400,Somorrostro (Esp),Siete Villas (Esp),3,1,,,,0
1602322200,SD Navarro CF (Esp),Covadonga (Esp),0,2,,,,0
1602322200,Eldense (Esp),Racing Murcia (Esp),0,1,,,,0
1602324000,Gimnastica Segoviana (Esp),Collado Villalba (Esp),4,0,,,,0
1602324000,Cirbonero (Esp),Burlades (Esp),1,0,,,,0
1602325800,Marbella (Esp),Linares (Esp),0,1,,,,0
1602327600,TSC (Srb),FK Indjija (Srb),2,1,,,,0
1602327600,Rizespor (Tur),Giresunspor (Tur),1,1,,,,0
1602334800,Tsarsko Selo (Bul),Minyor Pernik (Bul),1,1,,,,0
1602334800,Portadown (Nir),PSNI (Nir),9,0,,,,0
1602334800,Ludogorets (Bul),Lok. Gorna (Bul),8,0,,,,0
1602334800,Lok. Plovdiv (Bul),Septemvri Simitli (Bul),2,0,,,,0
1602334800,Erzurumspor (Tur),Trabzonspor (Tur),2,1,,,,0
1602334800,Ankaragucu (Tur),Sivasspor (Tur),0,2,,,,0
1602336600,Vardar (Mkd),Makedonija GP (Mkd),1,0,,,,0
1602338400,Partizani (Alb),Struga (Mkd),2,2,,,,0
1602338400,Fenerbahce (Tur),Istanbulspor AS (Tur),3,2,,,,0
1602338400,Carrick Rangers (Nir),Newington (Nir),1,0,,,,0
1602340200,Asteras Tripolis (Gre),Apollon Smyrnis (Gre),5,1,,,,0
1602340200,Ahlen (Ger),Schonnebeck (Ger),1,0,,,,0
1602342000,Racing Club Villalbes (Esp),Dep. Fabril (Esp),0,1,,,,0
1602342000,Poblense (Esp),Mallorca B (Esp),3,3,,,,0
1602342000,Maribor (Slo),Sturm Graz (Aut),0,3,,,,0
1602342000,Cayon (Esp),UC Cartes (Esp),1,0,,,,0
1602343800,Sant Andreu (Esp),San Cristobal CP (Esp),2,1,,,,0
1602345600,Real Avila (Esp),Torrijos (Esp),2,2,,,,0
1602345600,Guijuelo (Esp),R. Oviedo B (Esp),1,1,,,,0
1602345600,Aceuchal (Esp),Cacereno (Esp),1,4,,,,0
1602347400,Sanluqueno (Esp),Betis B (Esp),1,2,,,,0
1602347400,Alaves B (Esp),Tudelano (Esp),1,2,,,,0
1602349200,Alcoyano (Esp),Yeclano (Esp),0,0,,,,0
1602350100,Merida AD (Esp),Cadiz CF B (Esp),1,1,,,,0
1602352800,UE Sants (Esp),Vilassar de Mar (Esp),0,2,,,,0
1602410400,Real Aviles (Esp),EI San Martin (Esp),4,0,,,,0
1602410400,Montijo (Esp),Jerez CF (Esp),2,0,,,,0
1602410400,Chinato (Esp),Trujillo (Esp),2,1,,,,0
1602410400,Cerdanyola (Esp),Castelldefels (Esp),1,0,,,,0
1602410400,CE Europa (Esp),Banyoles (Esp),1,0,,,,0
1602428400,Pelister (Mkd),Devolli (Alb),2,1,,,,0
1602428400,Igualada (Esp),L Hospitalet (Esp),1,1,,,,0
1602428400,Arcos CF (Esp),Xerez CD (Esp),1,3,,,,0
1602432000,Racing Santander (Esp),Amorebieta (Esp),1,2,,,,0
1602432000,Don Benito (Esp),Ciudad Real (Esp),2,2,,,,0
1602432000,CD Badajoz (Esp),Cordoba (Esp),2,1,,,,0
1602437400,El Palo (Esp),Malagueno (Esp),1,0,,,,0
1602489600,Navbahor Namangan (Uzb),Uz Dong Ju (Uzb),3,2,,,,0
1602496800,Textil Escudo (Esp),CD Barquereno (Esp),1,1,Pen,1,2,0
1602496800,Shevardeni Tbilisi (Geo),Merani Tbilisi (Geo),3,6,,,,0
1602496800,Condal (Esp),Berron (Esp),3,2,,,,0
1602594000,CSKA Moscow (Rus),Arsenal Tula (Rus),1,1,,,,0
1602610200,Hamburger SV II (Ger),Dassendorf (Ger),1,3,,,,0
1602694800,Saeby IF Skjold (Den),Norresundby (Den),2,2,,,,0
1602853200,Lok. Sofia (Bul),Lok. Gorna (Bul),1,0,,,,0
1602937800,Def. de Belgrano (Arg),Nueva Chicago (Arg),0,0,,,,0
1602939600,Veria (Gre),AO Trikala (Gre),1,1,,,,0
1602941400,Colon Santa Fe (Arg),Rosario Central (Arg),4,1,,,,0
1603283400,Estudiantes L.P. (Arg),Estudiantes Rio Cuarto (Arg),3,1,,,,0
1603976400,Rades (Tun),AS Marsa (Tun),0,0,,,,0
1603999800,La Solana (Esp),Manzanares (Esp),2,1,,,,0
1604235600,Niki Volos (Gre),Apollon Larissa (Gre),1,2,,,,0
1604239200,Odd 2 (Nor),Notodden (Nor),3,4,,,,0
1605114000,Rosenborg 2 (Nor),Nardo (Nor),5,1,,,,0
1605186000,Eintracht Frankfurt (Ger),Nurnberg (Ger),0,2,,,,0
1605189600,FC Koln (Ger),Bochum (Ger),1,3,,,,0
1605254400,Ashkelon (Isr),Agudat Sport Ashdod (Isr),0,5,,,,0
1605258900,Opava (Cze),Karvina (Cze),2,1,,,,0
1605261600,Oostende (Bel),Dunkerque (Fra),2,1,,,,0
1605261600,Hradec Kralove (Cze),Bohemians (Cze),0,2,,,,0
1605261600,Ceske Budejovice (Cze),Taborsko (Cze),2,0,,,,0
1605261600,A. Lustenau (Aut),Vaduz (Lie),1,5,,,,0
1605268800,Ostrava (Cze),Artis Brno (Cze),0,2,,,,0
1605268800,Lok. Plovdiv (Bul),Beroe (Bul),1,3,,,,0
1605270600,Achyronas Liopetriou (Cyp),Ol. Nicosia (Cyp),1,6,,,,0
1605272400,Werder Bremen (Ger),St. Pauli (Ger),2,4,,,,0
1605272400,ND Gorica (Slo),Celje (Slo),0,1,,,,0
1605272400,APOEL (Cyp),Alki Oroklini (Cyp),1,0,,,,0
1605274200,Ried (Aut),Vorwarts Steyr (Aut),1,1,,,,0
1605276000,Stuttgart (Ger),Heidenheim (Ger),1,0,,,,0
1605276000,St Etienne (Fra),Grenoble (Fra),3,2,,,,0
1605276000,SK Rapid II (Aut),Admira (Aut),3,2,,,,0
1605276000,Inter (Ita),Monza (Ita),1,0,,,,0
1605276000,Horn (Aut),St. Polten (Aut),3,1,,,,0
1605276000,Hartberg (Aut),Kapfenberg (Aut),2,3,,,,0
1605276000,Angers (Fra),Niort (Fra),3,3,,,,0
1605277800,Guingamp (Fra),Brest (Fra),0,1,,,,0
1605277800,FC Juniors (Aut),Sturm Graz (Aut),0,1,,,,0
1605279600,Koper (Slo),Tabor Sezana (Slo),2,0,,,,0
1605283200,Moralo (Esp),Merida AD (Esp),0,2,,,,0
1605286800,Atzeneta (Esp),CF Intercity (Esp),0,0,,,,0
1605351600,Wolfsburg (Ger),Hannover (Ger),0,0,,,,0
1605351600,Slutsk (Blr),Zhodino (Blr),1,2,,,,1
1605351600,Botev Plovdiv (Bul),Septemvri Simitli (Bul),3,2,,,,0
1605353400,Havadar SC (Irn),Gol Gohar (Irn),3,2,,,,0
1605353400,CD Badajoz (Esp),Guijuelo (Esp),4,1,,,,0
1605355200,TSC (Srb),Sp. Subotica (Srb),3,2,,,,0
1605355200,Cukaricki (Srb),FK Indjija (Srb),1,0,,,,0
1605358800,Azam (Tan),Mbeya City (Tan),1,1,,,,0
1605362400,Metalac (Srb),Javor (Srb),3,4,,,,0
1605373200,Ebedei (Nga),Ekiti United (Nga),2,1,,,,0
1605373200,Chabab Mohammedia (Mar),Hassania Agadir (Mar),0,0,,,,0
1605445200,Fenerbahce (Tur),Karagumruk (Tur),3,3,,,,0
1605445200,Basaksehir (Tur),Istanbulspor AS (Tur),1,3,,,,0
1605452400,Dcheira (Mar),Chabab Mohammedia (Mar),0,4,,,,0
1605522600,Mes Kerman (Irn),Qandi (Irn),1,1,,,,0
1605540600,Maccabi Shaarayim FC (Isr),Hapoel Azor (Isr),3,1,,,,0
1605704400,Azam (Tan),KMKM (Zan),2,0,,,,0
1605706200,Mlila (Alg),ES Setif (Alg),0,3,,,,0
1605713400,Dcheira (Mar),IR Tanger (Mar),1,2,,,,1
1605789000,Enppi (Egy),Pharco (Egy),3,1,,,,0
1605791700,Hapoel Herzliya (Isr),Agudat Sport Ashdod (Isr),1,1,,,,0
1605816000,La Solana (Esp),Almagro (Esp),0,1,,,,0
1605961800,Kamuzu Barracks (Mal),Silver Strikers (Mal),1,1,,,,0
1605970800,FUS Rabat (Mar),Maghreb Fez (Mar),1,1,,,,0
1606005900,Deportivo Moron (Arg),Fenix (Arg),0,1,,,,0
1606633200,Peninsula (Aus),Brisbane Roar (Aus),1,7,,,,0
1607097600,Brikama U. (Gam),Casa (Sen),0,0,,,,0
1607180400,Haringey (Eng),Hendon (Eng),5,3,,,,0
1607533200,Swinoujscie (Pol),Pogon Szczecin II (Pol),1,2,,,,0
1607680800,Turnu Magurele (Rou),Unirea Bascov (Rou),1,2,,,,0
1607695200,Podbeskidzie II (Pol),Rozwoj Katowice (Pol),2,3,,,,0
1607760000,Brno B (Cze),Znojmo (Cze),3,3,,,,0
1608386400,Knockbreda (Nir),Banbridge (Nir),1,1,,,,0
1608444000,Brisbane Roar (Aus),Western United (Aus),0,2,,,,0
1608462000,Socuellamos (Esp),Villarrubia (Esp),0,2,,,,0
1608472800,Bouake (Ivo),AS Denguele (Ivo),2,1,,,,0
1608480000,Racing d'Abidjan (Ivo),ASEC Mimosas (Ivo),0,2,,,,0
1608971400,Ho Chi Minh (Vie),Nam Dinh (Vie),2,1,,,,0
1609144200,Da Nang (Vie),Nam Dinh (Vie),2,1,,,,0
1609228800,Energetik-BGU (Blr),Isloch (Blr),0,1,,,,0
1609236000,Ho Chi Minh (Vie),Binh Dinh (Vie),0,2,,,,0
1609245000,Sai Gon FC (Vie),Hanoi FC (Vie),3,1,,,,0
1609318800,Nam Dinh (Vie),Khanh Hoa (Vie),0,0,,,,0
1609326000,Gia Lai (Vie),Da Nang (Vie),2,3,,,,0
1609408800,Hanoi FC (Vie),Binh Dinh (Vie),3,3,,,,0
1609417800,Sai Gon FC (Vie),Ho Chi Minh (Vie),0,0,,,,0